date,cases_new,cases_import,cases_recovered,cases_active,cases_cluster,cases_unvax,cases_pvax,cases_fvax,cases_boost,cases_child,cases_adolescent,cases_adult,cases_elderly,cases_0_4,cases_5_11,cases_12_17,cases_18_29,cases_30_39,cases_40_49,cases_50_59,cases_60_69,cases_70_79,cases_80,cluster_import,cluster_religious,cluster_community,cluster_highRisk,cluster_education,cluster_detentionCentre,cluster_workplace
20/2/2022,26832,68,18459,251684,595,4701,223,11770,10138,3637,1828,19331,1972,1296,2341,1828,7593,5998,3497,2243,1223,554,195,0,0,0,26,449,17,103
21/2/2022,25099,85,17749,258991,275,4389,199,10936,9575,3375,1676,18041,1964,1210,2165,1676,6798,5647,3389,2207,1242,535,187,0,0,0,3,233,1,38
22/2/2022,27179,120,19037,267090,428,4800,261,11774,10344,3783,1765,19424,2125,1350,2433,1765,7402,6073,3634,2315,1373,568,184,0,0,0,13,337,2,76
23/2/2022,31199,119,20399,277835,629,5628,362,12931,12278,4389,2067,21944,2554,1595,2794,2067,8591,6838,3926,2589,1549,739,266,0,0,0,13,504,38,72
24/2/2022,32070,209,23332,286527,543,5095,385,13060,13530,4013,1911,23538,2553,1557,2456,1911,8445,7674,4581,2838,1692,620,241,0,0,21,96,317,9,100
25/2/2022,30644,257,22678,294436,525,5208,369,12261,12806,3934,1629,22540,2491,1552,2382,1629,8667,6968,4242,2663,1634,652,205,0,0,0,45,141,97,242
26/2/2022,27299,256,22710,298982,372,4591,411,10487,11810,3548,1462,19914,2296,1455,2093,1462,7455,6325,3808,2326,1428,646,222,0,0,20,40,246,22,44
27/2/2022,24466,246,22380,301029,270,4166,316,9221,10763,3232,1250,17716,2157,1345,1887,1250,6683,5575,3296,2162,1363,585,209,0,0,0,4,81,0,185
28/2/2022,23100,298,30624,293430,154,3677,411,8512,10500,2897,1188,16748,2178,1230,1667,1188,6042,5454,3191,2061,1321,636,221,0,0,11,5,66,4,68
1/3/2022,25854,448,25548,293658,484,4058,373,9418,12005,3205,1291,18785,2480,1350,1855,1291,7065,5942,3460,2318,1602,645,233,15,0,1,2,9,0,28
2/3/2022,27500,428,27557,293486,362,4393,484,9701,12922,3530,1300,19879,2688,1619,1911,1300,7385,6267,3767,2460,1690,748,250,0,0,4,14,279,4,73
3/3/2022,32467,413,27629,298238,472,4969,581,11485,15432,4139,1586,23662,2945,1833,2306,1586,9003,7569,4253,2837,1884,775,286,0,0,8,40,256,34,134
4/3/2022,33209,441,26352,305017,472,5164,617,10958,16470,4165,1517,24396,3044,1880,2285,1517,8977,7911,4498,3010,1865,863,316,0,0,0,0,6,0,2
5/3/2022,33406,342,27143,311213,394,4899,617,10847,17043,4011,1508,24815,3072,1800,2211,1508,9184,8120,4610,2901,1942,807,323,0,0,0,0,0,0,0
6/3/2022,27435,254,30335,308258,216,4055,516,8670,14194,3330,1110,20164,2692,1573,1757,1110,7310,6649,3766,2439,1622,757,313,0,0,0,0,1,0,0
7/3/2022,26856,211,30726,304311,487,3820,550,8778,13708,3198,1188,19679,2680,1537,1661,1188,7235,6369,3731,2344,1590,792,298,0,0,0,0,1,0,5
8/3/2022,31490,473,29035,306687,498,4410,656,9771,16653,3721,1327,23306,3048,1773,1948,1327,8820,7477,4253,2756,1840,869,339,0,0,0,0,23,0,0
9/3/2022,30246,418,26653,310167,327,4258,630,9089,16269,3513,1244,22251,3161,1719,1794,1244,8097,7236,4142,2776,1921,917,323,0,0,0,0,0,0,0
10/3/2022,30787,608,26457,314427,282,4429,668,9082,16608,3715,1293,22491,3092,1815,1900,1293,8125,7332,4174,2860,1851,905,336,0,0,0,2,0,0,11
11/3/2022,32800,541,24444,322707,309,4756,769,9105,18170,4045,1276,23961,3348,1966,2079,1276,8768,7782,4329,3082,2060,927,361,0,0,0,12,21,0,17
12/3/2022,26250,545,25089,323791,269,3545,692,7134,14879,3078,984,19372,2814,1511,1567,984,6951,6227,3712,2482,1724,788,302,0,0,0,0,4,0,0
13/3/2022,22535,361,25356,320883,163,3207,502,6042,12784,2735,836,16449,2436,1426,1309,836,5952,5363,3028,2106,1448,700,288,0,0,7,40,8,61,153
14/3/2022,22030,394,33872,308949,180,3109,547,5798,12576,2653,744,16293,2311,1380,1273,744,5818,5165,3167,2143,1339,677,295,0,0,3,7,56,10,104
15/3/2022,26534,691,31234,304154,340,3789,668,6577,15500,3308,1039,19292,2746,1671,1637,1039,6936,6295,3590,2471,1679,767,300,0,0,3,7,56,10,104
16/3/2022,28298,697,33009,299338,235,4361,747,7150,16040,3394,1079,20743,2894,1627,1767,1079,7429,6789,3923,2602,1762,783,349,0,0,0,40,227,12,61
17/3/2022,27004,719,29450,296806,447,3785,750,6314,16155,3211,914,19763,2838,1600,1611,914,6934,6514,3811,2504,1719,774,345,0,0,3,131,80,107,126
18/3/2022,24241,521,26615,294373,174,3302,689,5887,14363,2930,903,17754,2517,1482,1448,903,6227,5828,3363,2336,1488,726,303,0,0,5,37,74,2,56
19/3/2022,22341,524,33347,283282,324,3176,680,4977,13508,2783,842,16138,2300,1379,1404,842,5683,5395,3052,2008,1409,616,275,0,0,3,72,68,9,172
20/3/2022,19105,386,28250,274066,96,2677,575,4215,11638,2468,689,13991,1948,1269,1199,689,4915,4565,2618,1893,1189,508,251,0,0,2,28,47,2,17
21/3/2022,17828,407,28003,263828,56,2655,555,4093,10525,2357,709,12703,1900,1143,1214,709,4424,4118,2466,1695,1114,541,245,0,0,0,13,24,0,19
22/3/2022,21483,394,32561,252677,173,2949,720,4603,13211,2743,780,15613,2135,1296,1447,780,5509,5134,2982,1988,1242,591,302,0,0,0,44,83,1,45
23/3/2022,22491,382,26234,248869,106,3148,723,4688,13932,2779,791,16423,2282,1368,1411,791,5266,5515,3459,2183,1325,652,305,0,0,0,44,83,1,45
24/3/2022,24316,297,25512,247609,173,3015,858,5135,15308,2893,1051,17734,2411,1280,1613,1051,6016,5899,3545,2274,1435,695,281,0,0,0,52,15,0,39
25/3/2022,21839,287,22324,247072,38,2992,867,4726,13254,2911,1023,15464,2080,1236,1675,1023,5349,5039,3061,2015,1237,587,256,0,0,0,61,17,0,95
26/3/2022,20923,228,25467,242494,39,3005,904,4142,12872,2970,923,14765,2082,1312,1658,923,4938,4911,2958,1958,1244,586,252,0,0,0,16,16,0,6
27/3/2022,16863,238,26171,233148,30,2172,712,3379,10600,2403,757,12050,1647,1105,1298,757,4098,4035,2347,1570,992,461,194,0,0,0,7,18,0,14
28/3/2022,13336,189,25552,220878,51,2003,513,2503,8317,1851,496,9256,1465,861,990,496,3046,3064,1868,1278,839,438,188,0,0,0,11,19,0,21
29/3/2022,15215,250,24152,211877,47,2299,609,3071,9236,2171,642,10605,1545,970,1201,642,3545,3555,2125,1380,891,455,199,0,0,0,17,29,0,1
30/3/2022,15941,168,21186,206599,60,2288,690,3135,9828,2267,739,11186,1511,907,1360,739,3787,3797,2163,1439,939,405,167,0,0,0,45,12,0,3
31/3/2022,18560,187,18253,206862,7,2843,799,3420,11498,2760,773,13048,1598,1203,1557,773,4427,4486,2585,1550,940,456,202,0,0,0,45,12,0,3
1/4/2022,17476,164,17321,206987,78,2672,801,3167,10836,2617,802,12108,1530,1096,1521,802,4192,4140,2311,1465,894,440,196,4,2,1,1,16,0,9
2/4/2022,14692,218,20383,201240,36,2101,658,2656,9277,2065,671,10363,1304,867,1198,671,3491,3600,1998,1274,789,361,154,0,2,8,5,292,33,153
3/4/2022,12380,462,20635,192955,8,1855,559,2316,7650,1753,598,8596,1140,743,1010,598,2919,2921,1698,1058,692,310,138,0,0,6,27,264,20,155
4/4/2022,10002,98,23302,179627,2,1481,463,1973,6085,1460,502,6960,972,613,847,502,2363,2295,1401,901,573,279,120,0,0,0,0,2,0,0
5/4/2022,12017,59,20431,171180,15,1801,550,2160,7506,1776,530,8483,1014,788,988,530,2936,2934,1603,1010,604,291,119,0,0,0,0,0,0,0
6/4/2022,12105,43,21029,162224,20,1743,573,2286,7503,1760,595,8417,1084,709,1051,595,2719,2935,1737,1026,643,305,136,0,0,0,0,1,0,0
7/4/2022,11994,25,16603,157579,44,1785,588,2291,7330,1737,740,8323,1040,681,1056,740,2567,2937,1725,1094,587,294,159,0,0,0,0,0,0,3
8/4/2022,14944,104,14045,158447,7,1925,671,2724,9624,1924,850,10564,1251,758,1166,850,3471,3635,2160,1298,744,349,158,0,0,0,3,3,0,11
9/4/2022,10177,53,15132,153471,32,1687,471,1924,6095,1516,608,6983,909,614,902,608,2361,2407,1434,781,556,235,118,0,0,0,0,0,0,0
10/4/2022,8112,25,15765,145806,35,1182,408,1657,4865,1250,614,5499,746,493,757,614,1801,2001,1028,669,426,219,101,0,0,0,0,0,0,0
11/4/2022,7739,23,19049,134477,82,1177,339,1480,4743,1148,551,5287,751,484,664,551,1628,1900,1090,669,434,186,131,0,0,0,0,168,0,45
12/4/2022,9002,52,16986,126463,140,1197,376,1885,5544,1189,759,6213,826,499,690,759,2000,2226,1251,736,480,240,106,0,0,0,0,9,0,0
13/4/2022,10052,21,15893,120600,127,1316,538,2145,6053,1401,953,6865,825,534,867,953,2167,2412,1403,883,485,232,108,0,0,0,0,125,0,2
14/4/2022,10413,27,13202,117793,284,1734,498,2250,5931,1576,1116,6874,842,662,914,1116,2158,2581,1289,846,510,227,105,0,0,0,3,280,0,1
15/4/2022,9673,25,14267,113183,405,1255,501,2371,5546,1345,1227,6303,794,533,812,1227,2043,2210,1267,783,479,206,109,0,0,0,11,394,0,0
16/4/2022,9705,30,14346,108530,507,1412,413,2171,5709,1214,1257,6258,777,510,704,1257,2085,2098,1311,764,476,200,101,0,0,0,0,498,0,9
17/4/2022,6623,13,11233,103908,205,794,305,1506,4018,815,708,4385,637,317,498,708,1489,1510,879,507,343,191,103,0,0,0,0,205,0,0
18/4/2022,7140,264,14423,96609,80,937,348,1563,4292,851,648,4801,704,322,529,648,1608,1614,978,601,414,206,84,0,0,0,0,80,0,0
19/4/2022,6069,110,10619,92047,465,670,325,1648,3426,694,982,3760,551,226,468,982,1235,1304,796,425,326,161,64,0,0,0,0,465,0,0
20/4/2022,6968,32,8267,90732,322,811,344,1812,4001,883,978,4504,601,324,559,978,1520,1544,925,515,363,170,68,0,0,0,0,322,0,0
21/4/2022,5899,16,8434,88192,129,745,282,1300,3572,773,650,3869,506,302,471,650,1311,1252,833,473,298,136,72,0,0,0,0,129,0,0
22/4/2022,6342,20,9111,85411,135,708,308,1508,3818,752,714,4238,534,262,490,714,1398,1462,839,539,298,169,67,0,0,0,10,125,0,0
23/4/2022,5624,17,10041,80985,53,675,313,1226,3410,762,563,3778,466,257,505,563,1231,1316,775,456,257,156,53,0,0,0,0,53,0,0
24/4/2022,4006,7,10223,74760,29,454,194,879,2479,500,415,2735,355,185,315,415,846,953,601,335,232,93,30,0,0,0,0,29,0,0
25/4/2022,2478,7,9215,68015,70,319,109,521,1529,294,258,1650,276,116,178,258,514,573,361,202,158,75,43,0,0,0,24,46,0,0
26/4/2022,3361,6,9484,61879,75,410,158,775,2018,421,400,2192,305,170,251,400,730,739,464,259,185,84,36,0,0,0,0,75,0,0
27/4/2022,3471,10,6900,58444,63,414,155,796,2106,426,391,2288,330,169,257,391,750,764,499,275,201,88,41,0,0,0,6,57,0,0
28/4/2022,2935,9,7585,53784,24,289,100,634,1912,275,274,2125,259,107,168,274,729,711,442,243,165,55,39,0,0,0,0,24,0,0
29/4/2022,2579,6,6055,50302,10,259,83,519,1718,231,184,1903,260,107,124,184,633,602,408,260,142,70,48,0,0,0,0,10,0,0
30/4/2022,2107,16,6890,45514,27,231,74,439,1363,213,179,1508,207,96,117,179,472,507,338,191,120,58,29,0,0,0,26,1,0,0
1/5/2022,1503,6,5839,41175,1,172,33,311,987,127,111,1086,160,72,55,111,395,310,250,131,76,56,28,6,0,2,26,4,0,23
2/5/2022,1352,4,6074,36448,0,167,30,229,926,114,77,1009,151,50,64,77,290,357,227,135,87,43,21,0,0,38,10,235,2,73
3/5/2022,922,1,5520,31841,0,97,39,170,616,103,74,619,126,39,64,74,252,213,93,61,79,35,12,0,0,9,75,127,72,111
4/5/2022,1054,1,4107,28785,0,162,100,191,601,221,68,558,207,67,154,68,171,187,114,86,118,69,20,0,0,0,1,14,0,0
5/5/2022,1278,3,2599,27462,0,162,66,202,848,163,71,894,150,53,110,71,259,313,216,106,85,46,19,0,0,0,0,0,0,0
6/5/2022,1251,9,3181,25525,0,152,23,207,869,113,58,941,137,64,49,58,318,301,206,116,66,50,21,0,0,0,0,0,0,0
7/5/2022,1372,5,3610,23284,0,157,31,269,915,136,72,1004,160,60,76,72,322,311,247,124,82,47,31,0,0,0,5,21,0,0
8/5/2022,2153,2,2869,22564,0,223,48,352,1530,216,109,1614,208,98,118,109,578,478,346,212,129,54,25,0,0,0,28,0,0,0
9/5/2022,2246,5,2433,22376,0,201,35,431,1579,191,133,1708,214,89,102,133,609,502,387,210,115,76,23,0,0,0,1,0,0,0
10/5/2022,2605,4,2014,22961,0,288,58,520,1739,256,189,1912,248,136,120,189,654,595,420,243,125,84,39,0,0,0,0,0,0,0
11/5/2022,3321,10,1416,24858,6,305,94,720,2202,343,259,2421,285,138,205,259,814,783,541,283,161,85,39,0,0,0,0,160,0,11
12/5/2022,3410,5,1430,26834,0,313,61,669,2367,314,222,2550,303,135,179,222,881,793,567,309,164,96,43,0,0,0,0,14,0,0
13/5/2022,3029,0,1116,28742,0,248,66,631,2084,265,249,2251,263,102,163,249,774,733,482,262,141,81,41,0,0,0,0,0,0,0
14/5/2022,2373,3,1340,29770,0,202,51,481,1639,213,167,1784,208,78,135,167,685,549,368,182,124,58,26,0,0,0,0,0,0,0
15/5/2022,2239,3,1263,30743,0,230,38,467,1504,227,158,1661,193,105,122,158,590,546,364,161,110,55,28,0,0,0,0,0,0,0
16/5/2022,1697,0,1548,30887,0,195,27,320,1155,156,117,1237,178,77,79,117,423,430,252,132,97,49,32,0,0,0,0,0,0,0
17/5/2022,1469,3,1836,30517,0,166,24,304,975,167,103,1047,152,81,86,103,351,331,239,126,83,48,21,0,0,0,0,0,0,0
18/5/2022,2017,4,2548,29979,0,163,36,419,1399,148,168,1521,180,62,86,168,533,458,329,201,99,51,30,0,0,0,0,0,0,0
19/5/2022,2124,1,2303,29797,0,214,32,439,1439,177,168,1590,189,79,98,168,527,545,332,186,98,59,32,0,0,0,0,0,0,0
20/5/2022,2063,3,2618,29237,0,203,37,454,1369,206,187,1488,178,86,120,187,508,464,315,201,96,46,36,0,0,0,0,0,0,0
21/5/2022,2021,1,3162,28093,0,173,34,403,1411,175,166,1463,200,70,105,166,504,460,317,182,115,53,32,0,0,0,0,0,0,0
22/5/2022,1817,3,3389,26519,1,176,43,357,1241,200,133,1285,199,68,132,133,452,413,261,159,103,57,39,0,0,1,0,0,0,0
23/5/2022,1544,3,2905,25156,0,115,31,323,1075,120,128,1140,155,35,85,128,376,363,242,159,79,52,24,0,0,0,0,0,0,0
24/5/2022,1918,22,2124,24948,0,161,23,403,1331,173,175,1397,173,77,96,175,481,451,304,161,105,43,25,0,0,0,0,0,0,0
25/5/2022,2430,12,2192,25180,1,167,39,466,1758,173,199,1833,209,55,118,199,711,564,347,211,119,60,30,0,0,1,0,0,0,0
26/5/2022,1845,9,1825,25197,0,185,15,353,1292,143,127,1396,177,60,83,127,468,503,270,155,98,54,25,0,0,0,0,0,0,0
27/5/2022,1877,4,1680,25392,3,212,32,389,1244,214,166,1289,208,97,117,166,396,387,343,163,113,65,30,0,0,3,0,0,0,0
28/5/2022,1645,1,1809,25226,5,147,22,363,1113,141,155,1209,140,59,82,155,428,370,265,146,83,35,22,0,0,3,0,0,0,0
29/5/2022,1155,3,1975,24401,3,94,16,232,813,102,88,843,113,42,60,88,251,273,194,125,70,29,14,0,0,3,0,0,0,0
30/5/2022,1325,2,1935,23787,0,148,15,269,893,122,114,939,146,57,65,114,295,304,227,113,79,47,20,0,0,0,0,0,0,0
31/5/2022,1451,6,2071,23160,23,125,19,318,989,121,147,1037,145,46,75,147,343,338,234,122,79,48,18,0,0,0,23,0,0,0
1/6/2022,1809,5,1911,23056,0,138,30,382,1259,152,166,1345,143,51,101,166,419,426,315,185,90,33,20,21,0,2,6,7,7,68
2/6/2022,1877,6,1715,23216,22,147,10,382,1338,127,166,1441,142,46,81,166,475,421,363,182,78,52,12,0,5,12,22,303,0,132
3/6/2022,1844,3,2005,23054,1,149,17,354,1324,145,159,1382,155,57,88,159,472,429,294,187,90,40,25,0,0,0,9,57,5,145
4/6/2022,1591,5,2185,22455,1,94,23,292,1182,129,98,1226,137,42,87,98,388,423,263,152,81,43,13,0,0,0,1,17,0,2
5/6/2022,1358,2,1620,22191,0,96,17,261,984,87,96,1043,129,39,48,96,360,327,211,145,75,35,19,0,0,0,0,0,0,0
6/6/2022,1330,4,1881,21638,0,105,13,224,988,99,82,1034,114,43,56,82,322,342,235,135,74,29,11,0,0,0,0,0,0,0
7/6/2022,1128,1,1547,21210,0,104,16,230,778,97,68,832,129,46,51,68,258,258,197,119,71,37,21,0,0,0,0,0,0,1
8/6/2022,1518,1,1125,21597,18,109,11,247,1151,94,70,1211,142,52,42,70,411,402,260,138,83,41,18,0,0,0,9,0,0,0
9/6/2022,1887,8,1399,22082,8,157,16,286,1428,140,94,1497,156,71,69,94,507,508,314,168,78,49,29,0,0,0,0,0,0,0
10/6/2022,2166,1,1488,22759,1,146,18,338,1664,129,88,1770,179,55,74,88,591,574,400,205,104,46,29,0,0,0,0,0,0,0
11/6/2022,1709,3,1746,22720,0,152,17,259,1281,144,70,1327,168,64,80,70,438,381,330,178,99,39,30,0,0,0,12,71,0,4
12/6/2022,1571,1,1887,22403,2,134,11,294,1132,119,90,1217,144,46,73,90,432,364,276,145,72,46,26,0,0,0,6,0,0,0
13/6/2022,2092,0,1876,22615,6,129,18,367,1578,132,101,1681,169,54,78,101,577,497,391,216,92,50,27,0,0,0,0,6,0,0
14/6/2022,1922,3,1564,22969,1,144,12,367,1399,154,131,1460,176,63,91,131,466,434,356,204,103,56,17,0,0,0,0,1,0,0
15/6/2022,2320,4,1390,23894,3,158,20,454,1688,179,167,1774,200,74,105,167,559,575,425,215,111,60,29,0,0,0,0,3,0,0
16/6/2022,2033,0,1337,24585,0,162,14,354,1503,151,128,1607,146,61,90,128,518,531,354,204,82,43,21,0,0,0,0,0,0,0
17/6/2022,2130,0,1080,25634,1,164,23,385,1558,138,113,1687,192,54,84,113,575,521,362,229,101,67,24,0,0,0,0,1,0,0
18/6/2022,2127,0,1390,26370,0,151,19,396,1561,173,121,1642,191,57,116,121,604,502,334,202,99,58,34,0,0,0,0,0,0,0
19/6/2022,1690,10,2108,25952,0,130,12,286,1262,125,79,1334,152,58,67,79,501,405,280,148,73,47,32,0,0,0,0,0,0,0
20/6/2022,2093,1,2082,25960,1,132,12,361,1588,140,107,1670,176,55,85,107,582,524,352,212,85,64,27,0,0,0,0,1,0,0
21/6/2022,1921,114,1716,26163,0,141,19,336,1425,153,117,1429,222,58,95,117,446,456,323,204,124,60,38,0,0,0,0,0,0,0
22/6/2022,2425,8,1550,27034,0,195,15,451,1764,167,200,1822,224,78,89,200,628,559,387,248,124,52,48,0,0,0,0,0,0,0
23/6/2022,2796,209,2503,27326,83,171,16,501,2108,172,173,2196,254,74,98,173,765,720,431,280,155,69,30,0,0,0,0,83,0,0
24/6/2022,2512,194,1580,28255,10,187,20,452,1853,157,188,1893,274,73,84,188,612,641,407,233,149,86,39,0,0,0,0,10,0,0
25/6/2022,2302,2,2539,28018,39,180,15,409,1698,149,152,1715,282,73,76,152,579,546,346,244,147,76,59,0,0,0,19,20,0,0
26/6/2022,2003,3,1861,28159,1,169,19,365,1450,176,141,1499,185,70,106,141,488,476,352,183,99,55,31,0,0,0,0,1,0,0
27/6/2022,1894,6,1944,28101,9,156,21,362,1355,147,152,1368,219,51,96,152,454,402,304,208,105,66,48,0,0,0,0,9,0,0
28/6/2022,2025,20,2367,27755,2,175,24,424,1402,182,147,1477,217,67,115,147,505,477,319,176,103,77,37,0,0,0,1,1,0,0
29/6/2022,2605,3,1633,28722,0,199,26,547,1833,203,226,1959,216,88,115,226,694,609,407,249,129,51,36,0,0,0,0,0,0,0
30/6/2022,2867,4,2145,29442,6,245,14,545,2063,237,229,2137,263,95,142,229,732,731,449,225,139,79,45,0,0,0,0,6,0,0
1/7/2022,2773,4,1984,30225,1,236,17,575,1945,219,229,2047,277,87,132,229,715,668,415,249,132,81,64,5,0,23,3,4,0,37
2/7/2022,2527,4,2359,30393,46,271,19,470,1767,227,153,1914,233,99,128,153,663,645,398,208,139,58,36,0,1,15,4,161,1,94
3/7/2022,2536,3,3123,29801,6,189,22,475,1850,198,167,1889,281,84,114,167,649,622,381,237,154,83,44,0,0,3,3,369,8,104
4/7/2022,1918,2,2321,29390,3,140,14,375,1389,142,142,1437,197,58,84,142,463,485,308,181,103,53,41,0,0,1,10,2,0,31
5/7/2022,2932,2,2292,30027,26,190,22,560,2160,209,217,2219,271,92,117,217,758,747,492,222,154,72,45,0,0,0,0,0,0,0
6/7/2022,3561,9,2035,31548,1,291,25,653,2592,272,300,2671,318,121,151,300,875,835,604,357,163,106,49,0,0,0,0,0,0,0
7/7/2022,4020,9,1718,33847,0,267,27,755,2971,289,280,3109,309,106,183,280,1079,1009,672,349,184,79,46,0,0,0,0,0,0,0
8/7/2022,3589,3,2224,35206,22,287,20,632,2650,252,201,2773,361,116,136,201,1002,902,561,308,211,89,61,0,0,0,0,0,0,0
9/7/2022,2799,2,2666,35331,14,247,18,489,2045,209,193,2096,278,99,110,193,733,673,422,268,137,72,69,0,0,0,3,2,0,0
10/7/2022,3264,5,2703,35890,5,251,24,554,2435,237,204,2480,343,101,136,204,863,794,543,280,194,97,52,0,0,0,0,0,0,0
11/7/2022,2417,4,2536,35766,0,216,15,460,1726,205,174,1781,255,101,104,174,598,599,374,210,126,84,45,0,0,0,1,3,0,1
12/7/2022,2345,3,2384,35724,1,196,16,428,1705,191,154,1729,263,85,106,154,550,571,397,211,143,83,37,0,0,0,5,31,0,0
13/7/2022,3934,7,2747,36902,3,259,10,726,2939,236,298,2996,401,109,127,298,1052,994,614,336,217,112,72,0,0,0,0,3,0,0
14/7/2022,4098,5,2071,38921,0,324,25,701,3048,302,256,3146,394,137,165,256,1061,1070,642,373,216,109,69,0,0,0,0,0,0,0
15/7/2022,5230,11,2927,41216,0,339,34,928,3929,341,300,4082,506,146,195,300,1446,1349,817,470,272,160,74,0,0,0,0,0,0,0
16/7/2022,5047,3,3770,42489,0,376,30,913,3728,350,296,3871,528,146,204,296,1372,1226,825,448,293,156,79,0,0,0,0,0,0,0
17/7/2022,3936,1,3899,42519,0,321,14,688,2913,274,229,3009,423,126,148,229,1029,1033,583,364,228,118,77,0,0,0,0,0,0,0
18/7/2022,3080,1,3399,42193,0,240,22,576,2242,259,189,2251,379,103,156,189,799,739,423,290,216,109,54,0,0,0,0,0,0,0
19/7/2022,3902,4,2935,43152,50,345,23,783,2751,322,241,2787,551,126,196,241,947,903,597,340,286,162,103,0,0,0,24,4,22,0
20/7/2022,5685,2,3337,45492,0,391,36,947,4311,394,321,4396,571,162,232,321,1422,1485,967,522,296,184,91,0,0,0,0,0,0,0
21/7/2022,4587,11,2652,47417,17,382,19,840,3346,356,285,3425,518,172,184,285,1216,1133,666,410,284,146,88,0,0,0,0,17,0,0
22/7/2022,3880,7,2607,48676,31,319,28,717,2816,264,226,2883,505,117,147,226,1007,905,578,393,273,136,96,0,0,0,17,14,0,0
23/7/2022,4816,2,3928,49555,0,340,28,851,3597,325,229,3839,421,127,198,229,1335,1268,784,452,220,119,82,0,0,0,0,0,0,0
24/7/2022,2720,5,4012,48260,1,288,23,509,1900,231,141,1954,393,126,105,141,635,650,418,251,202,125,66,0,0,0,0,1,0,0
25/7/2022,3300,2,5227,46324,14,309,20,635,2336,269,188,2369,473,115,154,188,801,760,505,303,248,149,76,0,0,0,10,4,0,0
26/7/2022,4759,3,4806,46268,61,354,32,890,3483,342,318,3564,535,131,211,318,1300,1192,673,399,283,150,102,0,0,0,30,31,0,0
27/7/2022,4503,6,3847,46914,11,354,17,819,3313,312,287,3425,479,141,171,287,1094,1136,797,398,259,139,81,0,0,0,1,10,0,0
28/7/2022,3926,23,3542,47294,20,370,25,761,2770,326,220,2924,455,147,179,220,1031,999,536,358,237,139,79,0,0,0,17,3,0,0
29/7/2022,4860,11,3836,48308,2,366,13,921,3560,348,286,3764,462,141,207,286,1288,1257,769,450,242,133,87,0,0,0,1,1,0,0
30/7/2022,4271,3,5553,47022,1,334,28,795,3114,320,265,3235,451,127,193,265,1070,1070,698,397,235,132,84,0,0,0,1,0,0,0
31/7/2022,2783,3,4482,45314,19,319,25,519,1920,254,132,2005,392,115,139,132,619,670,447,269,185,121,86,0,0,0,19,0,0,0
1/8/2022,3213,11,3847,44672,6,298,28,587,2300,249,153,2336,473,101,148,153,885,764,421,266,227,144,102,6,0,10,0,10,0,77
2/8/2022,4204,3,4582,44286,20,338,28,789,3049,309,225,3145,522,132,177,225,1030,1004,686,425,275,143,104,0,0,1,18,235,8,85
3/8/2022,5330,13,3075,46531,23,418,34,993,3885,381,322,4105,518,166,215,322,1386,1385,854,480,272,142,104,0,0,10,34,345,0,109
4/8/2022,4413,6,3394,47542,17,395,26,820,3172,348,240,3321,504,161,187,240,1077,1192,674,378,260,131,113,0,0,0,0,6,0,1
5/8/2022,3927,14,4949,46514,28,373,23,785,2746,329,243,2890,464,125,204,243,1000,967,587,336,223,142,99,0,0,0,0,0,0,0
6/8/2022,4684,5,4275,46912,9,371,31,878,3404,365,256,3620,442,147,218,256,1221,1197,779,423,237,117,88,0,0,0,0,18,0,0
7/8/2022,2728,2,3856,45778,0,311,16,560,1841,260,149,1928,391,132,128,149,653,642,391,242,193,112,86,0,0,0,0,0,22,0
8/8/2022,2863,2,4752,43883,1,323,25,580,1935,263,178,2068,349,128,135,178,658,741,429,240,171,99,79,0,0,0,1,0,0,0
9/8/2022,3083,3,4229,42725,2,323,20,648,2092,285,198,2238,362,142,143,198,739,773,445,281,169,110,83,0,0,0,9,3,0,0
10/8/2022,4896,2,2979,44630,42,426,33,1030,3407,416,313,3695,469,156,260,313,1232,1273,767,423,226,132,111,0,0,0,56,0,0,0
11/8/2022,4831,6,3362,46089,10,482,29,926,3394,416,282,3614,519,174,242,282,1176,1217,752,469,257,167,95,0,0,0,16,176,0,14
12/8/2022,3943,1,4645,45383,4,377,31,898,2637,348,278,2890,425,144,204,278,1011,932,589,358,224,127,74,0,0,0,8,25,0,0
13/8/2022,4334,6,5082,44625,6,352,26,841,3115,310,266,3321,436,115,195,266,1105,1130,714,372,236,109,91,0,0,0,0,6,0,0
14/8/2022,3045,5,4226,43439,16,297,22,600,2126,257,164,2254,370,112,145,164,752,788,442,272,196,102,72,0,0,0,7,9,0,0
15/8/2022,2437,6,3658,42210,13,282,17,531,1607,238,148,1746,303,110,128,148,571,600,367,208,148,89,66,0,0,0,0,13,0,0
16/8/2022,3429,6,4882,40748,51,364,23,717,2325,331,218,2509,370,155,176,218,819,883,526,281,192,96,82,0,0,0,27,22,2,0
17/8/2022,3516,3,2541,41708,11,336,38,757,2385,314,234,2568,399,130,184,234,848,882,549,289,193,122,84,0,0,0,1,10,0,0
18/8/2022,4071,2,3289,42483,21,364,24,791,2892,334,245,3080,411,132,202,245,1011,1084,655,330,228,106,77,0,0,0,1,20,0,0
19/8/2022,3490,3,3193,42774,34,363,25,748,2354,362,216,2541,368,146,216,216,906,843,531,261,185,104,79,0,0,0,22,12,0,0
20/8/2022,2798,5,4669,40897,37,286,20,592,1900,225,142,2091,336,102,123,142,697,708,433,253,144,118,74,0,0,0,1,11,0,25
21/8/2022,2464,16,4427,38925,4,245,12,512,1695,202,139,1833,288,101,101,139,647,606,358,222,155,78,55,0,0,0,0,4,0,0
22/8/2022,2078,12,3290,37703,13,262,19,438,1359,198,102,1462,316,98,100,102,490,503,305,164,142,97,77,0,0,0,7,6,0,0
23/8/2022,2722,5,4856,35558,3,277,16,637,1792,238,156,1976,352,108,130,156,678,671,399,228,158,114,80,0,0,0,0,3,0,0
24/8/2022,2636,5,3206,34977,25,327,13,580,1716,260,148,1899,326,113,147,148,631,621,403,244,176,80,70,0,0,0,18,7,0,0
25/8/2022,3206,4,2180,35995,12,278,11,691,2226,246,176,2483,299,116,130,176,847,869,494,273,161,81,57,0,0,0,1,11,0,0
26/8/2022,3118,7,3363,35744,11,305,23,641,2149,248,170,2370,329,109,139,170,896,751,448,275,159,95,75,0,0,0,1,10,0,0
27/8/2022,2491,0,3715,34515,1,240,8,533,1710,184,131,1873,302,80,104,131,649,637,391,196,138,87,77,0,0,0,0,1,0,0
28/8/2022,2191,1,3796,32908,3,220,10,432,1529,183,101,1637,270,89,94,101,558,545,313,221,121,93,56,0,0,0,0,3,0,0
29/8/2022,1946,1,3271,31575,20,247,8,400,1291,161,92,1405,287,82,79,92,455,486,281,183,132,85,70,0,0,0,14,6,0,0
30/8/2022,2144,3,2549,31166,8,205,12,481,1446,180,105,1596,260,75,105,105,527,503,357,209,128,81,51,0,0,0,8,0,0,0
31/8/2022,2340,2,2502,30998,4,234,9,479,1618,185,110,1790,255,85,100,110,634,608,356,192,109,87,59,0,0,0,0,4,0,0
1/9/2022,2356,5,1875,31470,0,217,18,467,1654,183,104,1800,269,86,97,104,608,628,371,193,120,93,56,0,0,30,0,4,0,18
2/9/2022,2328,3,2618,31171,2,198,15,482,1633,162,112,1743,310,86,76,112,613,563,367,200,157,95,58,0,0,36,35,524,1,130
3/9/2022,2244,4,3202,30204,0,180,19,467,1578,136,108,1742,254,59,77,108,613,560,365,204,130,79,45,0,0,6,15,185,42,79
4/9/2022,1904,1,3138,28968,0,182,8,356,1358,142,72,1424,264,71,71,72,490,469,297,168,124,78,62,0,0,0,9,17,0,6
5/9/2022,1486,2,2897,27553,1,160,4,284,1038,108,40,1105,231,61,47,40,389,375,204,137,109,65,57,0,0,0,0,0,0,0
6/9/2022,2067,4,2279,27335,0,186,8,423,1450,128,59,1568,307,62,66,59,585,487,308,188,138,107,62,0,0,0,0,8,0,0
7/9/2022,2428,2,2673,27083,5,206,11,471,1740,146,64,1940,277,76,70,64,704,656,355,225,142,73,62,0,0,0,0,14,0,0
8/9/2022,2226,2,1894,27407,12,205,12,411,1598,144,48,1768,263,83,61,48,660,598,323,187,134,76,53,0,0,0,1,1,0,0
9/9/2022,1990,2,2016,27377,3,180,9,370,1431,133,48,1557,250,70,63,48,557,510,314,176,126,68,56,0,0,0,2,1,0,0
10/9/2022,1971,7,2389,26956,7,213,13,348,1397,140,60,1518,252,74,66,60,544,514,269,191,128,73,51,0,0,0,0,0,0,0
11/9/2022,1483,2,2090,26346,1,157,5,298,1023,114,39,1108,219,65,49,39,389,388,196,135,101,73,45,0,0,0,14,216,0,0
12/9/2022,1847,7,2148,26040,4,191,3,371,1282,144,64,1398,239,71,73,64,505,473,271,149,107,70,62,0,0,0,0,39,0,33
13/9/2022,1942,9,2276,25700,15,178,10,389,1365,143,81,1460,258,62,81,81,517,492,302,149,131,71,56,0,0,0,0,0,0,15
14/9/2022,2431,8,1820,26306,1,232,14,471,1714,171,100,1827,332,82,89,100,580,618,373,256,175,101,56,0,0,0,1,0,0,0
15/9/2022,2375,11,1466,27212,1,218,6,488,1663,161,103,1816,295,72,89,103,624,629,348,215,147,83,65,0,0,0,0,0,0,1
16/9/2022,1977,2,2018,27165,9,211,9,396,1361,143,96,1469,268,67,76,96,528,495,256,190,125,71,72,0,0,0,9,0,0,0
17/9/2022,1572,3,2695,26039,10,160,9,276,1127,114,48,1205,204,56,58,48,424,413,222,146,104,51,49,0,0,0,10,0,0,0
18/9/2022,1639,9,2056,25618,0,168,11,307,1153,131,73,1234,197,67,64,73,445,420,244,125,96,56,45,0,0,0,0,0,0,0
19/9/2022,1307,4,1830,25090,2,144,9,256,898,111,44,954,194,54,57,44,309,331,173,141,111,42,41,0,0,0,2,0,0,0
20/9/2022,1667,2,2028,24722,20,200,13,323,1131,138,77,1188,261,69,69,77,416,387,245,140,99,91,71,0,0,0,20,0,0,0
21/9/2022,2111,5,1493,25334,0,195,6,421,1489,158,97,1608,245,67,91,97,568,541,299,200,115,66,64,0,0,0,0,0,0,0
22/9/2022,2245,6,1901,25666,0,219,13,451,1562,164,119,1697,261,80,84,119,590,566,336,205,123,73,65,0,0,0,0,0,0,0
23/9/2022,2070,3,2009,25724,8,174,12,385,1499,135,92,1539,303,58,77,92,524,529,293,193,159,81,63,0,0,0,8,0,0,0
24/9/2022,1924,0,2360,25285,10,160,3,406,1355,129,81,1459,254,47,82,81,546,461,264,188,121,94,39,0,0,0,10,0,0,0
25/9/2022,1608,2,2352,24539,0,143,10,310,1145,98,95,1221,193,49,49,95,400,401,265,155,94,55,44,0,0,0,0,0,0,0
26/9/2022,1186,1,1690,24028,1,153,5,266,762,103,57,854,172,49,54,57,308,288,138,120,64,56,52,0,0,0,0,1,0,0
27/9/2022,1552,5,1684,23890,0,195,6,324,1027,143,78,1119,210,67,76,78,384,381,209,145,98,64,48,0,0,0,0,0,0,0
28/9/2022,2445,2,1613,24720,0,185,16,484,1760,170,127,1904,244,70,100,127,667,639,397,201,127,63,54,0,0,0,0,0,0,0
29/9/2022,1867,4,1402,25181,14,191,9,372,1295,143,104,1353,267,64,79,104,479,466,253,155,109,100,58,0,0,0,14,0,0,0
30/9/2022,2007,12,1407,25776,7,169,9,370,1459,119,97,1521,270,56,63,97,535,487,310,189,143,68,59,0,0,0,7,0,0,0
1/10/2022,1626,5,2386,25016,0,169,9,328,1120,132,103,1162,228,59,73,103,411,384,223,144,113,64,51,0,7,9,42,0,0,15
2/10/2022,1360,1,2271,24104,0,122,2,240,996,79,53,1053,175,39,40,53,382,393,180,98,97,48,30,0,0,0,42,190,13,168
3/10/2022,1244,4,2005,23338,13,122,5,234,883,83,52,948,161,33,50,52,309,284,235,120,70,49,42,0,0,1,14,153,18,96
4/10/2022,1483,4,1852,22964,0,151,8,289,1035,113,66,1123,181,57,56,66,384,347,222,170,83,53,45,0,0,0,0,35,0,0
5/10/2022,1722,8,1639,23045,0,143,5,335,1239,110,78,1348,186,49,61,78,454,472,266,156,86,52,48,0,0,0,0,0,0,0
6/10/2022,1794,5,1227,23608,0,145,6,346,1297,106,84,1380,224,43,63,84,468,473,280,159,92,82,50,0,0,0,0,1,0,0
7/10/2022,1788,6,1509,23884,0,177,11,334,1266,104,75,1382,227,51,53,75,479,480,262,161,117,65,45,0,0,0,0,5,0,0
8/10/2022,1627,3,2379,23128,56,161,12,283,1171,112,62,1214,239,50,62,62,416,423,244,131,91,79,69,0,0,0,16,16,0,10
9/10/2022,1453,8,1800,22779,0,149,7,262,1035,90,72,1125,166,49,41,72,387,404,219,115,88,42,36,0,0,0,7,0,0,0
10/10/2022,1241,1,1843,22174,0,92,5,236,908,81,41,978,141,36,45,41,340,331,193,114,67,45,29,0,0,0,0,0,0,0
11/10/2022,1291,2,1592,21870,5,112,6,249,924,70,57,987,177,35,35,57,363,313,205,106,85,55,37,0,0,0,7,169,43,5
12/10/2022,1628,7,1345,22152,0,131,2,290,1205,87,74,1260,207,46,41,74,424,464,230,142,93,64,50,0,0,0,2,22,0,5
13/10/2022,2090,4,1428,22811,36,186,6,357,1541,125,91,1648,226,63,62,91,596,581,291,180,100,71,55,0,0,0,0,0,0,36
14/10/2022,2231,6,1473,23564,1,190,11,405,1625,109,104,1777,241,46,63,104,626,630,339,182,125,72,44,0,0,0,0,0,0,1
15/10/2022,2023,13,1699,23888,2,166,8,370,1479,116,90,1575,242,51,65,90,588,546,281,160,121,71,50,0,0,0,0,0,0,2
16/10/2022,1712,2,1699,23899,0,144,6,302,1260,97,59,1335,221,50,47,59,456,460,259,160,106,69,46,0,0,0,0,0,0,0
17/10/2022,1210,1,2026,23077,0,117,5,262,826,83,41,904,182,47,36,41,358,277,175,94,80,53,49,0,0,0,0,0,0,0
18/10/2022,1873,4,1515,23432,0,159,6,321,1387,99,62,1503,209,51,48,62,557,494,282,170,99,59,51,0,0,0,0,0,0,0
19/10/2022,2295,4,1386,24338,16,176,12,441,1666,129,108,1823,235,56,73,108,742,540,334,207,110,75,50,0,0,0,0,16,0,0
20/10/2022,2561,8,1248,25643,5,191,13,487,1870,128,112,2062,259,54,74,112,826,639,355,242,124,82,53,0,0,0,0,5,0,0
21/10/2022,2256,6,1363,26533,5,185,7,428,1636,152,91,1719,294,73,79,91,594,608,314,203,138,97,59,0,0,0,0,5,0,0
22/10/2022,2618,7,1841,27306,13,198,6,440,1974,135,90,2122,271,59,76,90,820,711,388,203,136,64,71,0,0,0,9,4,0,0
23/10/2022,2054,1,1975,27385,37,142,7,344,1561,76,58,1631,289,38,38,58,616,518,305,192,132,84,73,0,0,0,37,0,0,0
24/10/2022,1737,1,2118,27001,2,134,8,279,1316,70,46,1375,246,30,40,46,528,460,231,156,110,82,54,0,0,0,0,2,0,0
25/10/2022,1743,1,1935,26804,4,129,9,330,1275,102,51,1392,198,53,49,51,553,413,248,178,103,57,38,0,0,0,0,4,0,0
26/10/2022,2136,3,1695,27239,3,146,9,345,1636,94,67,1722,253,48,46,67,594,590,341,197,114,87,52,0,0,0,2,1,0,0
27/10/2022,2762,8,1271,28726,2,211,6,461,2084,127,66,2281,288,63,64,66,885,762,406,228,139,88,61,0,0,0,0,2,0,0
28/10/2022,3296,10,1960,30061,35,217,15,551,2513,147,110,2655,384,83,64,110,942,923,490,300,197,107,80,0,0,0,23,2,0,10
29/10/2022,3189,3,2541,30708,0,229,13,558,2389,144,122,2580,343,63,81,122,904,871,536,269,167,100,76,0,0,0,0,0,0,0
30/10/2022,3129,6,2464,31371,9,188,8,519,2414,110,120,2596,303,60,50,120,929,879,509,279,146,84,73,0,0,0,0,9,0,0
31/10/2022,2913,7,2833,31442,15,239,13,523,2138,174,111,2309,319,88,86,111,895,708,455,251,152,92,75,0,0,0,0,5,0,10
1/11/2022,2913,11,2599,31753,35,265,12,554,2082,151,116,2291,355,65,86,116,815,816,425,235,169,110,76,3,9,28,10,52,0,69
2/11/2022,3969,2,2696,33024,27,277,18,747,2927,192,145,3238,394,78,114,145,1138,1161,630,309,182,113,99,0,6,10,22,449,15,238
3/11/2022,4711,7,3120,34604,50,296,13,891,3511,186,217,3848,460,91,95,217,1441,1306,706,395,259,125,76,0,0,3,42,97,58,109
4/11/2022,4360,4,3429,35534,213,286,16,913,3145,182,264,3499,415,95,87,264,1316,1203,611,369,223,98,94,0,0,0,58,23,0,1
5/11/2022,4621,2,3577,36577,171,296,14,949,3362,225,312,3649,435,90,135,312,1369,1264,661,355,238,126,71,0,0,0,0,0,6,0
6/11/2022,3913,4,3774,36711,87,304,21,782,2806,195,206,3084,428,79,116,206,1107,1032,635,310,196,125,107,0,0,0,0,0,0,0
7/11/2022,2521,2,4514,34710,5,240,11,508,1762,145,114,1970,292,70,75,114,775,683,318,194,135,96,61,0,0,0,0,0,0,0
8/11/2022,3781,3,2889,35593,206,240,14,858,2669,174,311,2934,362,74,100,311,1132,965,558,279,159,115,88,0,0,0,0,10,0,0
9/11/2022,3267,2,3947,34903,220,239,8,862,2158,153,284,2477,353,74,79,284,901,785,482,309,165,100,88,0,0,0,1,0,0,0
10/11/2022,3436,3,4292,34039,224,284,20,813,2319,146,272,2648,370,74,72,272,856,920,567,305,184,101,85,0,0,0,5,0,0,0
11/11/2022,3245,3,4208,33072,205,272,22,782,2169,161,289,2412,383,66,95,289,875,742,548,247,162,110,111,0,0,0,9,192,0,4
12/11/2022,2882,1,4730,31215,119,247,7,726,1902,139,258,2141,344,65,74,258,803,618,456,264,152,91,101,0,0,0,0,8,0,0
13/11/2022,2234,2,3836,29611,37,221,14,467,1532,128,117,1687,302,61,67,117,586,521,375,205,109,99,94,0,0,0,35,2,0,0
14/11/2022,1749,1,2564,28790,54,163,10,393,1183,91,91,1336,231,49,42,91,478,445,263,150,93,76,62,0,0,0,1,52,1,0
15/11/2022,2852,3,3710,27920,82,230,16,647,1959,136,184,2195,337,63,73,184,705,788,472,230,143,100,94,0,0,0,14,68,0,0
16/11/2022,3304,4,3045,28171,114,237,14,803,2250,137,266,2493,408,65,72,266,816,821,531,325,192,118,98,0,0,0,0,114,0,0
17/11/2022,3457,2,3736,27883,76,274,22,767,2394,145,193,2741,378,54,91,193,913,911,614,303,165,99,114,0,0,0,1,73,0,2
18/11/2022,3037,3,3198,27717,16,314,17,669,2037,169,146,2379,343,86,83,146,867,809,452,251,138,114,91,0,0,0,1,15,0,0
19/11/2022,2450,0,3000,27162,6,192,9,456,1793,90,82,1987,291,47,43,82,678,670,418,221,147,69,75,0,0,0,6,0,0,0
20/11/2022,1633,3,1989,26804,60,221,6,287,1119,96,35,1229,273,61,35,35,415,424,248,142,104,79,90,0,0,0,60,0,0,0
21/11/2022,2121,0,1764,27147,9,249,8,421,1443,115,77,1680,249,71,44,77,626,567,319,168,119,74,56,0,0,0,3,6,0,0
22/11/2022,2516,3,2643,27009,37,241,18,526,1731,128,97,1916,375,68,60,97,613,658,393,252,152,118,105,0,0,0,37,0,0,0
23/11/2022,3537,7,3319,27219,11,298,18,724,2497,167,146,2800,424,75,92,146,898,1013,573,316,184,118,122,0,0,0,10,0,0,1
24/11/2022,2877,3,3226,26862,42,309,12,715,1841,171,133,2161,412,71,100,133,740,750,422,249,168,124,120,0,0,0,9,33,0,0
25/11/2022,3024,7,2969,26909,4,329,15,680,2000,186,108,2330,400,81,105,108,763,806,477,284,161,114,125,0,0,0,4,0,0,0
26/11/2022,2898,2,2789,27014,62,311,15,646,1926,175,101,2142,480,84,91,101,727,700,454,261,199,152,129,0,0,0,62,0,0,0
27/11/2022,2022,0,1819,27213,54,201,6,472,1343,115,89,1527,291,71,44,89,528,518,304,177,116,88,87,0,0,0,3,51,0,0
28/11/2022,2465,1,2029,27644,0,174,13,516,1762,104,72,2000,289,67,37,72,663,708,409,220,118,92,79,0,0,0,0,0,0,0
29/11/2022,1672,1,2722,26584,4,171,7,352,1142,91,48,1303,230,41,50,48,423,432,278,170,103,59,68,0,0,0,0,4,0,0
30/11/2022,1737,1,3338,24966,0,195,10,398,1134,87,69,1269,312,39,48,69,436,435,253,145,141,85,86,0,0,0,0,0,0,0
1/12/2022,2375,4,2857,24473,106,261,8,638,1468,148,176,1711,340,82,66,176,607,579,336,189,138,116,86,7,40,6,7,49,0,55
2/12/2022,2421,2,2826,24059,7,239,9,541,1632,104,116,1867,334,55,49,116,659,659,341,208,136,108,90,0,0,4,175,279,53,147
3/12/2022,1866,6,2814,23105,4,180,11,384,1291,112,80,1417,257,54,58,80,480,485,288,164,94,84,79,0,0,3,42,97,58,109
4/12/2022,1502,1,2093,22511,9,138,8,299,1057,75,51,1178,198,46,29,51,407,402,250,119,89,50,59,0,0,0,0,139,0,1
5/12/2022,1576,1,2278,21806,14,167,13,329,1067,86,69,1159,262,44,42,69,423,382,223,131,108,78,76,0,0,0,0,0,0,0
6/12/2022,1649,3,1675,21764,6,190,6,324,1129,102,67,1200,280,48,54,67,337,430,245,188,115,83,82,0,0,0,0,2,0,0
7/12/2022,1682,2,1428,22012,36,168,8,386,1120,90,87,1265,240,36,54,87,440,416,259,150,84,82,74,0,0,0,0,1,0,0
8/12/2022,1616,1,2145,21479,33,179,8,353,1076,90,86,1184,256,49,41,86,413,394,236,141,83,91,82,0,0,0,0,4,0,0
9/12/2022,1597,5,2596,20474,72,167,5,352,1073,82,88,1195,232,51,31,88,409,389,263,134,105,62,65,0,0,0,4,0,0,0
10/12/2022,1315,1,2601,19183,29,158,5,250,902,77,45,999,194,34,43,45,335,351,190,123,68,58,68,0,0,0,0,0,0,0
11/12/2022,867,1,1313,18727,8,106,4,193,564,51,28,614,174,25,26,28,226,200,98,90,69,50,55,0,0,0,17,89,0,13
12/12/2022,809,4,1552,17978,9,97,1,161,550,43,22,575,169,21,22,22,198,205,102,70,70,51,48,0,0,0,0,0,0,9
13/12/2022,1040,2,1456,17553,0,124,4,224,688,56,31,782,171,27,29,31,247,285,153,97,65,57,49,0,0,0,0,0,0,0
14/12/2022,1241,3,1567,17221,6,124,9,212,896,64,21,955,201,43,21,21,321,333,191,110,71,57,73,0,0,0,6,0,0,0
15/12/2022,1161,3,1562,16817,1,129,3,198,831,47,15,906,193,26,21,15,314,304,178,110,89,52,52,0,0,0,1,0,0,0
16/12/2022,1138,2,1420,16527,0,123,6,213,796,47,27,871,193,29,18,27,314,289,149,119,83,52,58,0,0,0,0,0,0,0
17/12/2022,993,2,1460,16055,0,112,7,181,693,57,13,770,153,30,27,13,237,280,163,90,64,52,37,0,0,0,0,0,0,0
18/12/2022,847,2,1154,15742,10,74,3,154,616,48,23,624,152,28,20,23,249,199,114,62,61,48,43,0,0,0,10,0,0,0
19/12/2022,721,3,914,15547,3,86,2,145,488,31,15,516,159,18,13,15,177,180,104,55,61,47,51,0,0,0,3,0,0,0
20/12/2022,816,1,940,15417,0,82,3,147,584,34,23,650,109,22,12,23,235,240,128,47,53,25,31,0,0,0,0,0,0,0
21/12/2022,984,2,1534,14860,1,89,4,164,727,45,19,779,141,22,23,19,282,277,151,69,62,44,35,0,0,0,1,0,0,0
22/12/2022,858,1,1114,14601,0,99,3,138,618,42,16,674,126,24,18,16,246,248,116,64,47,38,41,0,0,0,0,0,0,0
23/12/2022,902,5,1104,14393,0,98,2,147,655,45,12,722,123,24,21,12,250,262,136,74,48,37,38,0,0,0,0,0,0,0
24/12/2022,766,0,1026,14132,0,80,5,138,543,26,6,602,132,17,9,6,196,210,130,66,48,48,36,0,0,0,0,0,0,0
25/12/2022,609,2,737,14004,0,74,3,122,410,29,11,456,113,16,13,11,161,163,79,53,46,31,36,0,0,0,0,0,0,0
26/12/2022,480,7,655,13825,0,51,4,71,354,18,11,345,106,12,6,11,112,130,64,39,37,42,27,0,0,0,0,0,0,0
27/12/2022,423,2,834,13408,0,51,6,79,287,28,5,286,104,17,11,5,89,97,63,37,33,36,35,0,0,0,0,0,0,0
28/12/2022,480,6,957,12927,0,68,0,99,313,28,9,331,112,19,9,9,113,112,62,44,40,32,40,0,0,0,0,0,0,0
29/12/2022,679,4,923,12677,0,85,3,95,496,38,4,524,113,25,13,4,177,171,114,62,44,30,39,0,0,0,0,0,0,0
30/12/2022,583,7,930,12329,0,77,2,102,402,26,12,442,103,17,9,12,131,153,85,73,41,28,34,0,0,0,0,0,0,0
31/12/2022,513,4,833,12008,13,52,1,100,360,27,16,364,106,17,10,16,111,127,78,48,45,27,34,0,0,0,13,0,0,0
1/1/2023,420,3,547,11877,0,54,0,61,305,22,12,305,81,16,6,12,101,101,65,38,31,23,27,0,0,0,0,0,0,0
2/1/2023,360,1,423,11813,0,49,4,79,228,24,6,257,73,13,11,6,70,88,63,36,23,24,26,0,0,0,0,0,0,0
3/1/2023,333,1,376,11769,0,44,1,79,209,26,15,226,66,15,11,15,75,75,49,27,23,17,26,0,0,0,0,0,0,0
4/1/2023,433,4,500,11702,0,58,0,88,287,33,18,321,61,19,14,18,105,105,69,42,18,27,16,0,0,0,0,113,0,0
5/1/2023,571,1,696,11570,10,70,8,112,381,31,16,407,117,13,18,16,121,140,91,55,39,37,41,0,0,0,0,0,0,0
6/1/2023,543,4,1478,10631,8,71,3,84,385,34,16,408,85,18,16,16,125,147,85,51,29,27,29,0,0,0,0,0,0,0
7/1/2023,571,4,551,10647,0,65,5,106,395,37,19,441,74,18,19,19,139,171,82,49,29,16,29,0,0,0,0,0,0,0
8/1/2023,405,8,441,10610,0,55,5,73,272,29,16,291,69,16,13,16,103,80,59,49,31,24,14,0,0,0,0,0,0,0
9/1/2023,383,2,355,10630,0,44,2,77,260,28,17,274,64,13,15,17,91,108,47,28,22,29,13,0,0,0,0,0,0,0
10/1/2023,380,11,373,10628,0,51,1,60,268,25,10,282,63,15,10,10,107,90,52,33,20,24,19,0,0,0,0,0,0,0
11/1/2023,367,2,398,10588,0,56,3,69,239,43,14,236,74,18,25,14,63,81,60,32,27,24,23,0,0,0,0,0,0,0
12/1/2023,383,2,625,10342,0,50,2,73,258,30,13,274,66,12,18,13,98,99,46,31,28,21,17,0,0,5,9,136,0,8
13/1/2023,320,2,506,10153,0,42,1,52,225,20,21,223,56,8,12,21,76,74,46,27,22,16,18,0,0,0,0,0,0,0
14/1/2023,287,1,590,9850,0,33,3,62,189,24,12,207,44,15,9,12,77,59,43,28,16,13,15,0,0,0,0,0,0,0
15/1/2023,244,2,401,9693,0,28,1,47,168,22,7,174,41,10,12,7,55,57,38,24,20,12,9,0,0,0,0,0,0,0
16/1/2023,227,4,367,9547,0,24,1,42,160,11,6,168,42,2,9,6,48,67,29,24,19,10,13,0,0,0,0,0,0,0
17/1/2023,350,4,349,9543,2,40,4,70,236,21,21,248,60,11,10,21,75,80,58,35,23,18,19,0,0,0,0,2,0,0
18/1/2023,371,1,304,9606,0,36,2,67,266,24,18,269,60,9,15,18,88,102,58,21,20,24,16,0,0,0,0,0,0,0
19/1/2023,318,1,331,9593,0,40,2,70,206,28,14,235,41,14,14,14,72,86,48,29,14,15,12,0,0,0,0,0,0,0
20/1/2023,285,5,300,9571,5,30,1,42,212,26,12,198,49,13,13,12,64,72,37,25,21,15,13,0,0,0,5,0,0,0
21/1/2023,293,0,326,9536,23,43,0,39,211,18,10,200,65,7,11,10,47,80,45,28,20,16,29,0,0,0,23,0,0,0
22/1/2023,309,1,292,9553,89,53,5,81,170,15,7,239,48,7,8,7,89,84,40,26,12,17,19,0,0,0,20,0,69,0
23/1/2023,142,1,267,9428,0,15,0,29,98,8,5,103,26,4,4,5,29,37,26,11,11,9,6,0,0,0,0,0,0,0
24/1/2023,101,1,315,9214,0,14,0,17,70,7,3,76,15,2,5,3,23,34,10,9,6,5,4,0,0,0,0,0,0,0
25/1/2023,132,2,346,8999,0,25,1,24,82,8,2,89,33,3,5,2,28,29,21,11,14,10,9,0,0,0,0,0,0,0
26/1/2023,172,1,325,8843,0,28,3,38,103,14,7,116,35,3,11,7,40,40,23,13,14,9,12,0,0,0,0,0,0,0
27/1/2023,236,3,312,8765,0,38,2,46,150,20,11,161,44,10,10,11,44,57,34,26,20,8,16,0,0,0,0,0,0,0
28/1/2023,258,2,309,8712,0,23,0,47,188,12,10,206,30,9,3,10,71,76,42,17,11,10,9,0,0,0,0,0,0,0
29/1/2023,269,3,285,8696,0,40,2,30,197,19,6,193,51,12,7,6,68,69,36,20,20,12,19,0,0,0,0,0,0,0
30/1/2023,202,4,141,8755,0,27,2,32,141,23,2,153,24,8,15,2,47,51,38,17,12,4,8,0,0,0,0,0,0,0
31/1/2023,251,0,105,8901,0,26,2,47,176,13,13,186,39,6,7,13,52,67,48,19,13,17,9,0,0,0,0,0,0,0
1/2/2023,325,2,113,9113,0,28,2,82,213,17,29,239,40,7,10,29,83,67,51,38,22,9,9,0,0,0,0,0,0,0
2/2/2023,324,4,148,9289,0,34,0,48,242,18,9,256,41,7,11,9,96,74,60,26,13,11,17,0,0,0,0,0,0,0
3/2/2023,340,1,416,9213,0,28,1,59,252,20,12,256,52,6,14,12,90,78,55,33,30,11,11,0,0,0,0,0,0,0
4/2/2023,202,6,275,9139,0,22,1,38,141,15,9,136,42,7,8,9,51,54,23,8,18,8,16,0,0,0,0,60,0,0
5/2/2023,211,2,789,8561,0,33,0,45,133,18,7,144,42,12,6,7,50,58,23,13,20,11,11,0,0,0,0,0,0,0
6/2/2023,175,1,1013,7722,0,29,0,35,111,20,2,125,28,10,10,2,35,51,20,19,15,6,7,0,0,0,0,0,0,5
7/2/2023,184,3,253,7651,14,22,1,25,136,12,8,125,39,7,5,8,34,43,30,18,13,11,15,0,0,0,0,0,0,0
8/2/2023,189,1,279,7561,0,34,0,16,139,16,3,133,37,13,3,3,45,36,33,19,20,8,9,0,0,0,0,0,0,0
9/2/2023,269,1,375,7455,0,35,3,42,189,21,5,194,49,8,13,5,70,62,43,19,19,17,13,0,0,0,0,0,0,0
10/2/2023,255,3,306,7400,0,21,2,35,197,13,8,207,27,6,7,8,66,92,37,12,11,11,5,0,0,0,0,0,0,0
11/2/2023,259,5,390,7268,0,29,2,47,181,21,8,188,42,5,16,8,66,64,35,23,17,6,19,0,0,0,0,0,0,0
12/2/2023,160,1,358,7070,0,18,1,31,110,17,4,117,22,6,11,4,47,39,19,12,6,8,8,0,0,2,3,91,36,2
13/2/2023,164,2,254,6979,0,17,0,29,118,9,4,119,32,5,4,4,43,38,25,13,10,12,10,0,0,0,0,0,0,0
14/2/2023,200,1,155,7023,0,23,3,40,134,14,6,149,31,8,6,6,59,54,24,12,16,5,10,0,0,0,0,0,0,0
15/2/2023,237,1,215,7044,0,23,1,41,172,16,5,181,35,5,11,5,63,51,38,29,16,13,6,0,0,0,0,0,0,0
16/2/2023,281,1,257,7068,0,25,4,59,193,17,8,225,31,6,11,8,76,73,42,34,12,7,12,0,0,0,0,0,0,0
17/2/2023,241,1,235,7074,0,27,0,32,182,16,7,188,30,11,5,7,62,64,39,23,14,6,10,0,0,0,0,0,0,0
18/2/2023,212,1,310,6975,0,20,1,28,163,5,4,172,31,1,4,4,53,62,34,23,14,8,9,0,0,0,0,0,0,0
19/2/2023,186,5,158,7002,0,24,1,20,141,9,1,151,25,4,5,1,39,64,37,11,10,6,9,0,0,0,0,0,0,0
20/2/2023,167,7,169,6999,0,18,0,30,119,11,2,129,25,7,4,2,41,45,24,19,15,6,4,0,0,0,0,0,0,0
21/2/2023,184,3,192,6991,0,21,1,27,135,7,6,144,27,4,3,6,43,52,31,18,12,8,7,0,0,0,0,0,0,0
22/2/2023,229,0,227,6993,0,17,1,33,178,6,6,177,40,3,3,6,48,67,45,17,15,12,13,0,0,0,0,0,0,0
23/2/2023,224,1,278,6939,0,22,0,33,169,12,5,177,30,6,6,5,53,65,38,21,16,8,6,0,0,0,0,0,0,0
24/2/2023,204,5,254,6889,0,19,0,34,151,5,3,168,28,3,2,3,50,64,38,16,10,11,7,0,0,0,0,0,0,0
25/2/2023,173,3,219,6843,0,10,2,27,134,6,0,143,24,4,2,0,46,58,19,20,12,5,7,0,0,0,0,0,0,0
26/2/2023,207,1,175,6875,7,24,2,43,138,11,3,158,35,3,8,3,48,71,28,11,12,10,13,0,0,0,7,0,0,0
27/2/2023,190,2,177,6888,18,24,2,28,136,9,4,122,55,6,3,4,38,47,22,15,13,17,25,0,0,0,18,0,0,0
28/2/2023,206,5,176,6917,1,29,0,36,141,12,3,157,34,10,2,3,52,59,30,16,13,9,12,0,0,0,1,0,0,0
1/3/2023,217,0,233,6899,0,18,0,38,161,12,5,173,27,4,8,5,62,59,34,18,6,14,7,0,0,0,0,0,0,0
2/3/2023,244,2,0,7138,0,20,2,31,191,6,5,193,40,2,4,5,58,71,33,31,17,7,16,0,0,0,0,0,0,0
3/3/2023,204,4,213,7129,0,22,1,32,149,12,4,157,31,6,6,4,61,52,24,20,13,9,9,0,0,0,0,0,0,0
4/3/2023,170,2,178,7121,5,18,2,24,126,7,2,129,32,3,4,2,42,52,17,18,9,11,12,0,0,0,0,51,0,0
5/3/2023,164,2,820,6464,0,14,0,23,127,11,1,128,24,6,5,1,38,50,27,13,8,11,5,0,0,0,7,0,0,0
6/3/2023,188,3,181,6471,0,24,0,33,131,15,8,139,26,9,6,8,46,57,20,16,10,12,4,0,0,0,0,0,0,0
7/3/2023,226,3,202,6495,0,18,2,34,172,12,7,176,31,7,5,7,49,69,35,23,19,8,4,0,0,0,0,0,0,0
8/3/2023,235,6,216,6513,0,16,0,29,190,10,4,189,32,5,5,4,53,81,32,23,15,10,7,0,0,0,0,0,0,0
9/3/2023,279,6,236,6556,0,28,1,46,204,10,3,224,42,6,4,3,63,85,49,27,19,12,11,0,0,0,0,0,0,0
10/3/2023,251,1,197,6610,0,28,0,31,192,9,7,205,30,4,5,7,76,62,38,29,8,8,14,0,0,0,0,0,0,0
11/3/2023,223,3,193,6640,0,26,0,34,163,10,3,178,32,4,6,3,51,67,38,22,11,10,11,0,0,0,0,7,0,0
12/3/2023,227,3,167,6699,0,22,1,33,171,12,4,179,32,7,5,4,67,52,42,18,13,9,10,0,0,3,3,25,0,1
13/3/2023,217,0,171,6745,0,26,0,37,154,15,5,162,35,7,8,5,61,54,29,18,14,9,12,0,0,0,0,0,0,0
14/3/2023,269,2,231,6781,0,21,1,38,209,13,5,201,50,6,7,5,80,69,31,21,17,18,15,0,0,0,0,0,0,0
15/3/2023,273,6,252,6801,0,22,1,43,207,12,6,223,32,4,8,6,73,80,51,19,14,7,11,0,0,0,0,0,0,0
16/3/2023,311,4,261,6850,27,38,4,55,214,10,7,255,39,6,4,7,69,92,63,31,14,12,13,0,0,0,0,0,27,0
17/3/2023,281,0,249,6882,0,26,0,54,201,7,7,231,36,5,2,7,80,74,46,31,13,9,14,0,0,0,0,0,0,0
18/3/2023,270,3,235,6917,0,18,0,44,208,10,4,228,28,8,2,4,83,81,38,26,17,8,3,0,0,0,0,0,0,0
19/3/2023,257,1,219,6955,0,24,2,43,188,11,5,193,48,5,6,5,78,62,29,24,22,16,10,0,0,0,0,0,0,0
20/3/2023,197,5,224,6926,10,33,0,42,122,20,5,144,28,9,11,5,42,50,36,16,9,9,10,0,0,0,0,0,10,0
21/3/2023,320,1,284,6962,0,33,2,58,227,12,7,246,55,7,5,7,76,102,45,23,20,20,15,0,0,0,0,0,0,0
22/3/2023,367,2,297,7031,24,33,3,71,260,26,8,286,47,10,16,8,90,113,47,36,19,10,18,0,0,0,0,24,0,0
23/3/2023,346,3,281,7096,11,46,1,64,235,18,11,274,43,10,8,11,101,91,45,37,16,11,16,0,0,0,0,11,0,0
24/3/2023,386,2,269,7210,13,33,1,71,281,19,12,303,52,9,10,12,102,104,66,31,20,17,15,0,0,0,0,13,0,0
25/3/2023,355,1,257,7307,2,40,4,54,257,28,19,273,35,11,17,19,94,90,51,38,15,9,11,0,0,0,0,2,0,0
26/3/2023,327,2,0,7634,8,35,4,53,235,21,13,262,31,9,12,13,82,93,60,27,16,3,12,0,0,0,0,8,0,0
27/3/2023,226,1,0,7858,0,33,2,44,147,13,15,158,40,8,5,15,61,52,29,16,15,8,17,0,0,0,0,0,0,0
28/3/2023,357,2,330,7884,0,47,1,56,253,28,12,270,47,10,18,12,72,108,69,21,17,8,22,0,0,0,0,0,0,0
29/3/2023,461,6,362,7982,53,60,1,125,275,36,34,321,70,12,24,34,138,98,57,28,27,18,25,0,0,0,0,53,0,0
30/3/2023,493,0,337,8138,72,50,5,161,277,22,100,313,58,10,12,100,123,89,69,32,21,17,20,0,0,0,0,72,0,0
31/3/2023,606,0,397,8347,94,47,8,206,345,24,142,368,72,7,17,142,105,149,83,31,27,22,23,0,0,0,0,94,0,0
1/4/2023,599,4,375,8570,113,53,3,201,342,25,150,351,73,9,16,150,114,120,81,36,30,18,25,0,0,0,0,0,0,0
2/4/2023,430,1,327,8673,60,42,0,122,266,17,42,313,58,8,9,42,126,100,51,36,19,13,26,0,0,0,0,0,0,0
3/4/2023,458,2,229,8900,51,43,6,123,286,30,59,305,64,10,20,59,121,92,54,38,24,20,20,0,0,0,5,0,0,0
4/4/2023,611,3,359,9149,125,47,4,236,324,30,173,358,50,6,24,173,102,138,86,32,24,12,14,0,0,0,0,125,0,0
5/4/2023,747,0,496,9399,138,83,12,214,438,33,159,487,68,10,23,159,168,174,101,44,26,16,26,0,0,0,0,0,0,0
6/4/2023,805,0,0,10199,98,74,0,246,485,49,133,537,86,16,33,133,189,193,108,47,29,24,33,0,0,0,0,0,0,0
7/4/2023,797,1,596,10399,76,70,3,206,518,42,123,544,88,15,27,123,198,175,113,58,41,21,26,0,0,0,0,0,0,0
8/4/2023,726,0,584,10541,65,84,6,185,451,50,121,478,77,21,29,121,159,158,104,57,25,21,31,0,0,0,0,0,0,0
9/4/2023,517,2,419,10639,2,57,2,113,345,24,43,376,74,11,13,43,137,134,70,35,22,14,38,0,0,0,0,0,0,0
10/4/2023,539,0,467,10710,0,60,0,106,373,29,37,399,74,10,19,37,119,142,87,51,24,21,29,0,0,0,0,0,0,0
11/4/2023,598,3,0,11307,18,56,6,145,391,30,64,422,82,11,19,64,129,148,99,46,32,21,29,0,0,0,0,3,0,0
12/4/2023,900,0,690,11517,81,76,6,262,556,36,143,627,94,17,19,143,207,199,143,78,39,26,29,0,0,2,0,8,0,0
13/4/2023,875,1,790,11602,23,99,3,202,571,30,86,632,127,15,15,86,212,215,132,73,49,34,44,0,0,0,0,23,0,0
14/4/2023,839,2,783,11657,24,83,3,172,581,54,61,621,103,18,36,61,222,199,127,73,45,29,29,0,0,0,0,24,0,0
15/4/2023,881,0,760,11777,92,71,4,225,581,34,116,644,87,17,17,116,212,242,123,67,30,20,37,0,0,0,0,92,0,0
16/4/2023,739,0,534,11982,57,59,3,194,483,35,92,509,103,12,23,92,163,177,112,57,38,29,36,0,0,0,0,53,0,4
17/4/2023,490,0,554,11915,4,36,1,103,350,15,19,398,58,5,10,19,177,120,69,32,19,13,26,0,0,0,0,4,0,0
18/4/2023,790,4,669,12032,27,77,5,162,546,46,63,542,139,20,26,63,159,211,110,62,58,43,38,0,0,0,0,27,0,0
19/4/2023,784,0,855,11959,3,91,3,150,540,46,33,574,131,18,28,33,190,195,129,60,50,42,39,0,0,0,0,3,0,0
20/4/2023,750,5,817,11892,0,85,1,118,546,38,32,577,103,18,20,32,189,218,114,56,33,32,38,0,0,0,0,0,0,0
21/4/2023,702,0,852,11741,5,69,5,130,498,35,25,542,100,14,21,25,190,198,91,63,40,31,29,0,0,0,0,5,0,0
22/4/2023,562,2,881,11421,0,70,2,67,423,27,14,417,104,17,10,14,114,142,113,48,33,33,38,0,0,0,0,0,0,0
23/4/2023,449,1,718,11152,0,52,0,53,344,16,6,353,74,12,4,6,139,121,55,38,32,27,15,0,0,0,0,0,0,0
24/4/2023,387,0,480,11059,0,51,1,59,276,21,8,291,67,10,11,8,107,99,53,32,21,21,25,0,0,0,0,0,0,0
25/4/2023,561,3,782,10835,0,77,4,106,374,32,13,393,123,23,9,13,141,149,52,51,45,38,40,0,0,0,0,0,0,0
26/4/2023,617,2,809,10640,0,86,0,89,442,30,11,455,121,19,11,11,158,149,94,54,42,35,44,0,0,0,0,0,0,0
27/4/2023,832,4,762,10706,0,89,2,143,598,33,13,631,155,18,15,13,208,202,143,78,56,49,50,0,0,0,0,0,0,0
28/4/2023,1067,0,673,11098,5,115,3,166,783,38,20,809,200,26,12,20,279,280,166,84,66,59,75,0,0,0,5,0,0,0
29/4/2023,1050,1,600,11548,0,102,0,167,781,43,22,801,184,23,20,22,241,286,173,101,59,54,71,0,0,0,0,0,0,0
30/4/2023,968,1,469,12046,0,123,7,178,660,46,23,729,170,21,25,23,262,274,121,72,53,50,67,0,0,0,0,0,0,0
1/5/2023,793,2,401,12436,0,85,6,147,555,36,16,587,154,22,14,16,216,186,117,68,44,61,49,0,0,0,10,0,0,0
2/5/2023,793,1,0,13225,0,98,2,147,546,34,26,572,161,15,19,26,194,203,114,61,50,53,58,0,0,0,0,0,0,0
3/5/2023,1353,1,0,14573,7,160,5,304,884,84,43,1008,218,37,47,43,320,362,210,116,69,64,85,0,0,0,0,0,0,0
4/5/2023,1409,1,913,15068,0,152,7,296,954,82,67,1048,212,41,41,67,357,370,210,111,77,65,70,0,0,0,0,138,0,0
5/5/2023,1170,5,1003,15232,20,122,5,223,820,59,52,864,195,19,40,52,269,320,181,94,58,59,78,0,0,0,0,0,0,20
6/5/2023,1110,3,1112,15228,6,129,4,214,763,70,41,817,182,26,44,41,259,287,174,97,79,43,60,0,0,0,0,0,0,0
7/5/2023,977,2,917,15288,1,96,6,199,676,48,38,735,156,16,32,38,231,275,142,87,55,50,51,0,0,0,0,0,0,0
8/5/2023,1046,0,809,15523,0,121,1,190,734,59,31,782,174,23,36,31,234,274,169,105,61,58,55,0,0,0,0,0,0,0
9/5/2023,1261,3,0,16780,1,164,4,237,856,83,73,875,230,38,45,73,241,260,261,113,73,51,106,0,0,0,0,0,0,0
10/5/2023,1433,3,1333,16876,6,168,6,283,976,80,86,1060,207,24,56,86,347,372,234,107,73,74,60,0,0,0,0,0,0,0
11/5/2023,1329,3,0,18200,19,168,3,266,892,85,77,978,189,32,53,77,281,372,217,108,72,47,70,0,0,0,0,1,0,0
12/5/2023,1322,5,0,19520,132,120,14,335,853,59,182,906,175,20,39,182,278,358,147,123,67,54,54,0,0,2,0,26,0,0
13/5/2023,1205,5,1248,19472,32,145,5,215,840,62,82,890,171,25,37,82,314,324,163,89,59,33,79,0,0,0,0,32,0,0
14/5/2023,740,3,883,19328,33,82,4,189,465,29,70,507,134,12,17,70,202,143,93,69,43,41,50,0,0,0,0,33,0,0
15/5/2023,740,1,1029,19035,23,73,2,147,518,34,63,521,122,17,17,63,134,202,112,73,45,29,48,0,0,0,0,23,0,0
16/5/2023,1064,5,1288,18803,12,107,5,227,725,48,59,778,179,15,33,59,225,292,174,87,66,37,76,0,0,0,0,9,0,3
17/5/2023,1019,5,1353,18466,4,113,5,218,683,67,57,777,118,22,45,57,224,292,178,83,35,42,41,0,0,0,0,4,0,0
18/5/2023,1119,1,1249,18334,37,120,7,225,767,61,67,814,177,25,36,67,236,299,164,115,70,46,61,0,0,0,28,7,0,2
19/5/2023,971,3,1309,17993,9,96,6,180,689,55,60,710,146,15,40,60,231,241,162,76,64,41,41,0,0,0,0,9,0,0
20/5/2023,786,2,1272,17504,4,85,1,123,577,38,27,590,131,18,20,27,192,205,130,63,43,41,47,0,0,0,4,0,0,0
21/5/2023,749,0,745,17503,0,84,3,147,515,49,34,536,130,14,35,34,161,200,109,66,42,38,50,0,0,0,0,0,0,0
22/5/2023,653,1,758,17397,57,78,2,172,401,36,90,412,115,16,20,90,114,167,76,55,40,33,42,0,0,0,0,57,0,0
23/5/2023,947,1,1056,17286,19,105,7,154,681,53,37,706,151,18,35,37,209,255,165,77,59,44,48,0,0,0,0,10,0,9
24/5/2023,1001,1,1048,17237,12,121,3,196,681,68,69,729,135,24,44,69,189,278,173,89,46,35,54,0,0,0,0,12,0,0
25/5/2023,843,2,1056,17022,0,89,3,165,586,50,50,634,109,17,33,50,203,221,132,78,43,26,40,0,0,0,0,0,0,0
26/5/2023,826,2,954,16890,12,92,1,166,567,52,51,606,117,19,33,51,174,238,140,54,32,37,48,0,0,0,0,12,0,0
27/5/2023,782,1,779,16892,24,110,3,131,538,56,35,563,128,23,33,35,173,215,111,64,51,27,50,0,0,0,0,24,0,0
28/5/2023,582,0,731,16743,0,52,2,93,435,18,17,452,95,7,11,17,169,141,90,52,32,28,35,0,0,0,0,0,0,0
29/5/2023,513,1,657,16595,0,67,2,87,357,25,19,377,92,9,16,19,120,134,75,48,30,33,29,0,0,0,0,0,0,0
30/5/2023,779,2,905,16465,0,92,3,141,543,39,30,560,150,15,24,30,174,180,136,70,55,39,56,0,0,0,0,0,0,0
31/5/2023,745,1,959,16248,0,73,2,105,565,31,18,581,115,14,17,18,150,246,126,59,48,32,35,0,0,0,0,0,0,0
1/6/2023,666,3,0,16912,0,73,4,92,497,28,11,527,100,12,16,11,184,190,112,41,38,25,37,0,0,0,8,0,0,0
2/6/2023,669,1,0,17579,5,65,3,104,497,38,21,511,99,13,25,21,164,186,104,57,40,28,31,0,0,0,0,0,0,0
3/6/2023,569,2,845,17303,0,66,0,90,413,32,11,404,122,13,19,11,134,134,84,52,43,35,44,0,0,0,0,0,0,0
4/6/2023,460,0,1063,16697,0,52,3,92,313,17,12,353,78,9,8,12,122,141,63,27,31,20,27,0,0,0,8,104,0,6
5/6/2023,344,1,532,16509,0,37,3,59,245,8,8,264,64,4,4,8,95,77,63,29,16,21,27,0,0,0,6,0,0,0
6/6/2023,427,1,752,16183,0,65,2,76,284,24,15,295,93,14,10,15,89,113,60,33,26,28,39,0,0,0,0,0,0,0
7/6/2023,660,0,0,16841,0,71,2,109,478,33,22,503,102,15,18,22,158,177,114,54,43,32,27,0,0,0,0,0,0,0
8/6/2023,681,1,0,17521,0,94,2,128,457,29,33,519,100,13,16,33,169,190,117,43,28,24,48,0,0,0,0,0,0,0
9/6/2023,624,2,0,18143,0,59,5,105,455,30,24,486,84,8,22,24,152,171,117,46,32,20,32,0,0,0,0,0,0,0
10/6/2023,618,1,626,18134,0,67,4,98,449,38,27,446,107,8,30,27,133,169,77,67,37,30,40,0,0,0,0,0,0,0
11/6/2023,512,0,441,18202,0,65,3,96,348,26,14,403,69,13,13,14,130,140,84,49,25,17,27,0,0,0,0,0,0,0
12/6/2023,352,0,372,18180,0,39,1,61,251,18,16,236,82,7,11,16,75,77,46,38,31,23,28,0,0,0,6,48,0,10
13/6/2023,573,1,451,18302,0,79,2,97,395,33,20,419,101,21,12,20,117,143,95,64,33,26,42,0,0,0,0,0,0,0
14/6/2023,536,1,643,18194,0,73,0,95,368,33,21,401,81,17,16,21,129,139,90,43,27,19,35,0,0,0,0,0,0,0
15/6/2023,466,0,628,18031,0,45,4,86,331,26,18,345,77,8,18,18,100,129,72,44,21,21,35,0,0,0,0,0,0,0
16/6/2023,594,0,651,17971,0,58,2,80,454,32,22,464,76,12,20,22,153,160,99,52,30,21,25,0,0,0,0,0,0,0
17/6/2023,400,0,630,17741,0,42,2,53,303,15,15,306,64,6,9,15,120,90,58,38,19,20,25,0,0,0,0,0,0,0
18/6/2023,366,1,462,17645,0,39,2,68,257,19,19,256,72,4,15,19,68,91,69,28,25,18,29,0,0,0,0,0,0,0
19/6/2023,284,0,542,17385,0,38,1,51,194,16,14,195,59,7,9,14,67,61,47,20,20,14,25,0,0,0,0,0,0,0
20/6/2023,416,2,655,17143,0,55,2,72,287,22,19,299,76,6,16,19,99,106,58,36,24,17,35,0,0,0,0,0,0,0
21/6/2023,449,0,668,16922,0,49,5,89,306,37,34,311,67,11,26,34,109,101,61,40,30,12,25,0,0,0,0,0,0,0
22/6/2023,417,0,596,16743,13,54,2,76,285,33,22,302,60,13,20,22,93,122,60,27,19,12,29,0,0,0,13,0,0,0
23/6/2023,425,0,661,16504,3,36,4,74,311,12,17,323,73,4,8,17,126,99,59,39,25,25,23,0,0,0,3,0,0,0
24/6/2023,341,1,541,16303,6,34,3,62,242,15,19,253,54,5,10,19,86,85,58,24,11,16,27,0,0,0,6,0,0,0
25/6/2023,278,0,552,16029,0,39,2,50,187,25,9,199,45,13,12,9,58,79,40,22,22,6,17,0,0,0,0,0,0,0
26/6/2023,160,0,315,15874,0,25,1,30,104,19,10,99,32,8,11,10,24,38,21,16,4,16,12,0,0,0,0,0,0,0
27/6/2023,282,2,436,15720,2,42,1,47,192,19,7,208,48,10,9,7,54,87,44,23,18,13,17,0,0,0,2,0,0,0
28/6/2023,252,0,444,15528,1,34,2,39,177,19,9,186,38,5,14,9,44,69,52,21,13,10,15,0,0,0,1,0,0,0
29/6/2023,223,0,417,15334,0,31,1,32,159,16,6,179,22,8,8,6,41,64,53,21,5,5,12,0,0,0,0,0,0,0
30/6/2023,182,2,398,15118,0,22,2,27,131,7,5,129,41,4,3,5,48,44,20,17,13,16,12,0,0,0,0,0,0,0
1/7/2023,171,0,333,14954,0,20,0,16,135,7,6,131,27,3,4,6,39,51,35,6,8,7,12,0,0,0,0,0,0,0
2/7/2023,121,0,248,14827,0,15,0,29,77,12,7,85,17,7,5,7,22,31,20,12,7,2,8,0,0,0,14,0,0,0
3/7/2023,180,0,145,14862,0,25,2,34,119,10,5,124,41,4,6,5,42,51,19,12,13,10,18,0,0,0,0,0,0,0
4/7/2023,175,2,325,14710,0,23,2,30,120,15,6,124,30,10,5,6,42,37,34,11,8,10,12,0,0,0,0,76,0,0
5/7/2023,199,0,253,14656,0,25,0,42,132,6,12,152,29,6,0,12,66,48,24,14,9,6,14,0,0,0,0,0,0,1
6/7/2023,224,0,960,13918,0,32,0,45,147,14,5,155,50,2,12,5,47,51,35,22,14,13,23,0,0,0,0,0,0,0
7/7/2023,184,1,180,13920,0,27,1,37,119,13,12,132,27,8,5,12,48,34,32,18,10,4,13,0,0,0,0,0,0,0
8/7/2023,139,1,167,13892,0,19,0,24,96,8,4,105,22,3,5,4,36,39,16,14,8,5,9,0,0,0,0,0,0,0
9/7/2023,137,0,114,13915,0,16,4,32,85,7,6,97,27,3,4,6,40,30,15,12,4,9,14,0,0,0,0,0,0,0
10/7/2023,142,1,174,13883,0,16,2,28,96,12,8,102,20,6,6,8,30,37,26,9,7,5,8,0,0,0,0,0,0,0
11/7/2023,178,0,182,13877,0,29,0,37,112,12,9,125,32,5,7,9,37,43,23,22,11,5,16,0,0,0,0,28,0,0
12/7/2023,200,1,191,13886,0,27,0,39,134,17,12,135,36,8,9,12,37,51,35,12,9,12,15,0,0,0,49,18,8,0
13/7/2023,170,0,241,13815,11,12,1,41,116,9,17,123,21,1,8,17,48,44,22,9,7,6,8,0,0,0,0,11,0,0
14/7/2023,202,0,182,13835,0,21,0,47,134,7,7,158,30,2,5,7,52,67,28,11,8,8,14,0,0,0,0,0,0,0
15/7/2023,173,0,141,13867,18,17,0,38,118,11,5,127,30,6,5,5,49,39,26,13,10,7,13,0,0,0,0,18,0,0
16/7/2023,140,0,122,13885,0,26,1,22,91,16,3,97,24,9,7,3,35,25,25,12,7,4,13,0,0,0,0,0,0,0
17/7/2023,122,0,153,13854,0,10,0,29,83,6,6,90,20,3,3,6,25,39,15,11,8,6,6,0,0,0,0,0,0,0
18/7/2023,156,0,215,13795,4,25,2,34,95,18,17,107,14,9,9,17,35,38,25,9,5,2,7,0,0,0,0,4,0,0
19/7/2023,159,0,162,13791,0,21,0,27,111,6,7,116,30,3,3,7,46,25,32,13,14,5,11,0,0,0,0,0,0,0
20/7/2023,123,0,159,13754,0,12,1,25,85,3,7,94,19,0,3,7,20,37,22,15,5,5,9,0,0,0,0,0,0,0
21/7/2023,129,0,196,13687,2,23,0,26,80,10,9,89,21,5,5,9,27,29,22,11,7,3,11,0,0,0,0,2,0,0
22/7/2023,129,0,189,13626,0,16,1,23,89,7,7,95,20,3,4,7,29,40,17,9,8,5,7,0,0,0,0,0,0,0
23/7/2023,96,0,118,13604,0,11,0,13,72,4,3,73,16,2,2,3,17,29,22,5,7,3,6,0,0,0,0,0,0,0
24/7/2023,102,1,119,13586,0,18,0,28,56,6,5,68,23,2,4,5,22,29,9,8,10,5,8,0,0,0,0,0,0,0
25/7/2023,139,0,170,13555,0,18,0,21,100,12,5,95,27,6,6,5,41,35,13,6,11,8,8,0,0,0,0,0,0,0
26/7/2023,171,0,156,13570,0,20,0,32,119,9,10,127,25,4,5,10,42,46,27,12,9,7,9,0,0,0,0,0,0,0
27/7/2023,177,0,161,13586,24,27,2,40,108,14,10,107,46,3,11,10,27,44,20,16,8,7,31,0,0,0,24,0,0,0
28/7/2023,119,1,123,13582,0,13,1,29,76,5,5,92,17,2,3,5,32,41,13,6,4,5,8,0,0,0,0,0,0,0
29/7/2023,130,0,115,13597,0,21,1,29,79,10,17,90,13,7,3,17,33,27,23,7,2,4,7,0,0,0,0,0,0,0
30/7/2023,58,0,103,13552,0,10,1,6,41,1,5,41,11,0,1,5,7,13,16,5,1,2,8,0,0,0,0,0,0,0
31/7/2023,65,0,103,13514,0,9,0,16,40,8,4,46,7,5,3,4,16,19,5,6,2,4,1,0,0,0,0,0,0,0
1/8/2023,117,0,149,13482,0,17,0,23,77,10,3,80,24,6,4,3,28,35,9,8,5,10,9,0,0,0,0,0,0,0
2/8/2023,117,0,160,13439,0,20,0,20,77,9,5,82,21,3,6,5,28,39,12,3,3,5,13,0,0,0,0,0,0,0
3/8/2023,104,0,177,13365,0,13,0,12,79,8,4,81,11,3,5,4,28,28,17,8,2,5,4,0,0,0,0,0,0,0
4/8/2023,129,0,110,13383,0,22,0,14,93,11,3,101,14,4,7,3,25,47,21,8,2,3,9,0,0,0,0,65,0,0
5/8/2023,105,0,128,13360,0,12,0,19,74,4,6,84,11,2,2,6,34,27,15,8,5,2,4,0,0,0,0,0,0,0
6/8/2023,73,0,700,12733,0,9,0,14,50,5,3,58,7,3,2,3,16,27,9,6,2,1,4,0,0,0,0,0,0,0
7/8/2023,57,0,84,12706,0,8,0,16,33,5,5,35,12,1,4,5,16,14,2,3,5,3,4,0,0,0,0,0,0,0
8/8/2023,67,0,113,12660,0,11,1,14,41,5,4,49,9,1,4,4,16,16,12,5,3,2,4,0,0,0,0,0,0,0
9/8/2023,97,0,111,12646,0,15,0,20,62,8,6,66,17,3,5,6,18,24,20,4,5,3,9,0,0,0,0,0,0,0
10/8/2023,109,1,101,12654,0,12,0,26,71,9,9,78,13,3,6,9,26,26,15,11,6,3,4,0,0,0,0,0,0,0
11/8/2023,106,0,137,12623,0,12,0,29,65,9,8,74,15,3,6,8,19,33,12,10,6,7,2,0,0,0,0,0,0,0
12/8/2023,73,0,96,12600,0,12,0,7,54,6,2,53,12,2,4,2,12,23,12,6,2,2,8,0,0,0,14,91,0,0
13/8/2023,77,0,71,12606,0,10,1,10,56,5,4,61,7,2,3,4,16,27,13,5,2,1,4,0,0,0,0,0,0,0
14/8/2023,75,1,65,12616,0,14,1,16,44,10,3,50,12,6,4,3,17,19,9,5,6,3,3,0,0,0,0,0,0,0
15/8/2023,106,0,70,12652,0,13,1,20,72,9,5,79,13,2,7,5,27,33,9,10,5,1,7,0,0,0,0,0,0,0
16/8/2023,131,0,94,12689,0,16,0,27,88,11,10,94,16,2,9,10,23,41,17,13,5,2,9,0,0,0,0,0,0,0
17/8/2023,94,0,111,12672,0,10,0,18,66,7,2,75,10,4,3,2,24,33,11,7,6,1,3,0,0,0,0,0,0,0
18/8/2023,113,2,110,12675,0,19,0,20,74,12,4,86,11,4,8,4,34,27,14,11,3,3,5,0,0,0,0,0,0,0
19/8/2023,114,0,65,12724,0,18,1,23,72,11,5,83,15,6,5,5,30,26,17,10,5,4,6,0,0,0,0,0,0,0
20/8/2023,70,1,72,12722,0,17,0,9,44,12,5,43,10,7,5,5,14,14,9,6,2,3,5,0,0,0,0,0,0,0
21/8/2023,72,0,79,12715,0,17,0,15,40,6,4,52,10,2,4,4,21,18,8,5,3,2,5,0,0,0,0,0,0,0
22/8/2023,105,1,118,12702,0,15,0,23,67,11,4,72,18,2,9,4,20,26,21,5,9,4,5,0,0,0,0,0,0,0
23/8/2023,136,1,126,12712,0,18,0,21,97,12,3,97,24,5,7,3,34,30,18,15,8,7,9,0,0,0,0,0,0,0
24/8/2023,107,0,94,12725,0,17,2,11,77,12,2,79,14,4,8,2,29,24,16,10,6,2,6,0,0,0,0,0,0,0
25/8/2023,116,0,106,12735,0,21,0,24,71,11,7,80,18,4,7,7,29,26,18,7,2,5,11,0,0,0,0,0,0,0
26/8/2023,90,1,111,12714,0,9,0,21,60,9,4,72,5,5,4,4,21,24,20,7,2,2,1,0,0,0,0,0,0,0
27/8/2023,73,1,70,12717,0,18,0,9,46,9,2,52,10,3,6,2,20,16,12,4,4,4,2,0,0,0,0,0,0,0
28/8/2023,66,0,76,12707,0,14,1,13,38,4,0,52,10,3,1,0,16,25,10,1,5,2,3,0,0,0,0,0,0,0
29/8/2023,86,0,114,12679,0,13,1,14,58,9,4,58,15,6,3,4,21,19,13,5,8,4,3,0,0,0,0,0,0,0
30/8/2023,107,0,130,12656,0,16,1,15,75,10,1,73,23,4,6,1,29,26,12,6,12,5,6,0,0,0,0,0,0,0
31/8/2023,81,3,112,12625,0,13,0,12,56,7,1,65,8,5,2,1,18,19,15,13,3,2,3,0,0,0,0,0,0,0
1/9/2023,67,0,114,12578,0,15,0,6,46,9,1,46,11,4,5,1,17,13,10,6,4,2,5,0,0,0,0,0,0,0
2/9/2023,57,0,97,12538,0,8,0,6,43,3,4,42,8,1,2,4,12,16,10,4,1,2,5,0,0,0,0,0,0,0
3/9/2023,77,0,66,12548,0,19,1,8,49,6,1,49,21,4,2,1,17,17,7,8,4,3,14,0,0,0,0,0,0,0
4/9/2023,57,1,63,12541,0,12,0,8,37,7,2,39,9,5,2,2,14,12,9,4,3,1,5,0,0,0,0,2,0,0
5/9/2023,118,3,926,11733,0,11,0,27,80,3,3,97,15,3,0,3,28,36,18,15,3,2,10,0,0,0,0,0,0,1
6/9/2023,101,5,748,11085,0,14,1,19,67,6,3,77,15,2,4,3,19,30,22,6,7,2,6,0,0,0,0,0,0,0
7/9/2023,111,1,88,11108,0,10,0,25,76,4,6,85,16,2,2,6,18,28,31,8,4,3,9,0,0,0,0,0,0,0
8/9/2023,108,1,63,11153,0,9,0,20,79,2,6,85,15,0,2,6,17,39,23,6,5,4,6,0,0,0,0,0,0,0
9/9/2023,108,2,53,11208,0,23,1,20,64,12,4,66,26,6,6,4,24,20,16,6,4,12,10,0,0,0,0,0,0,0
10/9/2023,88,0,74,11222,0,18,0,17,53,9,4,53,22,5,4,4,17,15,17,4,4,9,9,0,0,0,0,0,0,0
11/9/2023,71,2,66,11227,0,25,0,15,31,5,1,51,14,0,5,1,13,18,12,8,5,4,5,0,0,0,0,1,0,0
12/9/2023,128,0,127,11227,0,18,3,20,87,14,6,88,20,7,7,6,18,36,25,9,6,6,8,0,0,0,19,126,0,0
13/9/2023,125,1,93,11259,0,21,1,15,88,13,2,96,14,6,7,2,35,30,22,9,2,4,8,0,0,0,0,0,0,0
14/9/2023,122,0,109,11269,1,19,0,21,82,9,8,88,17,4,5,8,32,29,14,13,8,1,8,0,0,0,0,1,0,0
15/9/2023,103,1,107,11265,0,14,1,21,67,8,8,71,16,2,6,8,21,31,13,6,4,3,9,0,0,0,0,0,0,0
16/9/2023,91,0,116,11240,0,18,0,13,60,7,6,62,16,2,5,6,24,15,15,8,4,2,10,0,0,0,0,0,0,0
17/9/2023,86,1,76,11249,16,16,1,24,45,7,22,47,10,4,3,22,16,20,5,6,4,3,3,0,0,0,0,16,0,0
18/9/2023,55,0,70,11234,0,8,0,10,37,6,2,34,13,4,2,2,10,12,5,7,4,1,8,0,0,0,0,0,0,0
19/9/2023,95,1,138,11191,0,21,0,17,57,7,9,62,17,4,3,9,18,15,20,9,4,3,10,0,0,0,0,0,0,0
20/9/2023,122,1,115,11198,0,14,0,26,82,4,8,93,17,3,1,8,25,30,22,16,3,3,11,0,0,0,0,0,0,0
21/9/2023,129,1,124,11203,0,14,0,26,89,9,4,97,19,2,7,4,25,40,18,14,5,4,10,0,0,0,0,0,0,0
22/9/2023,117,0,108,11212,0,18,0,17,82,7,4,86,20,4,3,4,21,40,14,11,5,6,9,0,0,0,0,0,0,0
23/9/2023,87,1,89,11210,0,7,2,10,68,3,3,68,13,2,1,3,29,24,8,7,9,0,4,0,0,0,0,0,0,0
24/9/2023,74,1,80,11204,0,12,0,12,50,4,2,53,15,1,3,2,16,23,12,2,3,5,7,0,0,0,0,0,0,0
25/9/2023,62,1,52,11214,0,7,0,12,43,3,2,48,9,2,1,2,16,14,6,12,4,3,2,0,0,0,0,0,0,0
26/9/2023,166,1,98,11280,3,15,0,33,118,10,7,135,14,2,8,7,54,45,27,9,2,7,5,0,0,0,0,0,3,0
27/9/2023,155,0,128,11307,4,17,1,33,104,5,11,118,21,0,5,11,44,38,27,9,8,4,9,0,0,0,0,0,4,0
28/9/2023,130,0,130,11307,1,18,0,17,95,5,6,100,19,1,4,6,32,32,22,14,10,3,6,0,0,0,0,0,1,0
29/9/2023,99,0,115,11290,0,7,0,23,69,1,3,81,14,1,0,3,27,28,16,10,6,5,3,0,0,0,0,0,0,0
30/9/2023,97,1,91,11296,0,13,0,7,77,3,3,68,23,3,0,3,29,22,11,6,9,7,7,0,0,0,0,0,0,0
1/10/2023,95,1,71,11320,0,22,0,15,58,10,8,57,20,7,3,8,17,16,15,9,6,6,8,0,0,0,0,0,0,0
2/10/2023,107,0,58,11369,0,17,0,19,71,7,3,78,19,3,4,3,36,25,12,5,2,6,11,0,0,0,0,0,0,0
3/10/2023,152,0,175,11346,0,18,0,20,114,11,2,111,28,3,8,2,38,38,22,13,12,4,12,0,0,0,0,0,0,0
4/10/2023,162,1,157,11350,0,22,0,24,116,8,4,114,36,3,5,4,31,48,25,10,12,7,17,0,0,0,0,0,0,0
5/10/2023,140,0,134,11356,0,27,1,20,92,12,6,92,30,6,6,6,29,31,20,12,8,9,13,0,0,0,1,5,0,0
6/10/2023,135,0,96,11394,0,15,0,24,96,13,7,97,18,4,9,7,25,39,20,13,8,4,6,0,0,0,0,0,0,0
7/10/2023,142,0,91,11445,0,24,0,20,98,9,3,104,26,3,6,3,38,34,18,14,9,6,11,0,0,0,0,0,0,0
8/10/2023,89,1,89,11445,0,16,0,9,64,5,4,62,18,2,3,4,28,13,11,10,7,2,9,0,0,0,0,0,0,0
9/10/2023,115,0,130,11430,0,23,0,21,71,11,0,79,25,6,5,0,28,29,14,8,4,8,13,0,0,0,0,0,0,0
10/10/2023,133,0,137,11426,0,21,0,31,81,10,8,96,19,6,4,8,43,31,14,8,7,3,9,0,0,0,0,0,0,0
11/10/2023,187,1,167,11446,0,16,1,32,138,7,8,150,22,0,7,8,53,51,26,20,10,4,8,0,0,0,0,0,0,0
12/10/2023,174,2,139,11480,0,18,3,30,123,10,10,133,21,4,6,10,48,48,28,9,9,5,7,0,0,0,11,19,0,0
13/10/2023,173,0,148,11505,0,15,0,37,121,2,9,129,33,1,1,9,59,33,21,16,10,9,14,0,0,0,0,0,0,0
14/10/2023,181,0,131,11554,0,14,1,29,137,9,6,139,27,3,6,6,35,56,35,13,12,10,5,0,0,0,0,0,0,0
15/10/2023,131,0,85,11600,0,16,0,27,88,15,2,88,26,4,11,2,30,31,15,12,10,7,9,0,0,0,0,0,0,0
16/10/2023,115,0,105,11609,0,12,1,20,82,7,1,81,26,2,5,1,28,23,19,11,12,6,8,0,0,0,0,0,0,0
17/10/2023,172,1,133,11648,26,21,0,44,107,9,22,114,27,4,5,22,36,42,25,11,9,2,16,0,0,0,3,0,0,0
18/10/2023,204,2,189,11661,3,26,1,38,139,12,13,150,29,6,6,13,59,46,32,13,12,4,13,0,0,0,0,3,0,0
19/10/2023,201,1,193,11669,1,26,0,40,135,15,10,153,23,7,8,10,53,52,32,16,5,4,14,0,0,0,0,1,0,0
20/10/2023,152,0,159,11662,0,15,0,26,111,5,6,120,21,2,3,6,40,36,29,15,4,6,11,0,0,0,0,0,0,0
21/10/2023,157,1,176,11643,1,23,1,26,107,5,6,111,35,2,3,6,32,36,27,16,8,9,18,0,0,0,0,1,0,0
22/10/2023,121,1,133,11631,1,23,0,16,82,8,2,85,26,6,2,2,27,21,23,14,7,6,13,0,0,0,0,1,0,0
23/10/2023,140,0,112,11659,0,20,0,21,99,6,5,105,24,2,4,5,30,41,13,21,9,6,9,0,0,0,0,0,0,0
24/10/2023,232,0,183,11708,12,30,0,44,158,17,10,165,40,6,11,10,62,48,36,19,9,13,18,0,0,0,0,0,0,12
25/10/2023,214,0,200,11722,4,28,3,47,136,16,10,153,35,1,15,10,49,54,38,12,13,7,15,0,0,0,0,0,0,4
26/10/2023,220,1,200,11742,3,38,1,38,143,18,8,161,33,6,12,8,54,59,33,15,6,4,23,0,0,0,0,2,0,1
27/10/2023,205,1,154,11793,0,19,2,35,149,8,12,162,23,1,7,12,52,56,32,22,11,4,8,0,0,0,0,0,0,0
28/10/2023,207,0,151,11849,0,19,2,41,145,13,10,151,33,2,11,10,51,54,27,19,10,10,13,0,0,0,0,0,0,0
29/10/2023,160,1,118,11890,0,36,1,31,92,16,6,102,36,8,8,6,37,28,23,14,12,8,16,0,0,0,0,0,0,0
30/10/2023,153,0,144,11899,0,31,0,32,90,8,9,105,31,2,6,9,35,42,17,11,13,3,15,0,0,0,0,0,0,0
31/10/2023,240,2,237,11901,0,20,1,39,180,8,10,175,47,3,5,10,64,55,32,24,16,10,21,0,0,0,0,0,0,0
1/11/2023,289,1,211,11978,0,26,0,46,217,8,9,223,49,4,4,9,70,90,46,17,19,12,18,0,0,0,0,0,0,0
2/11/2023,305,0,227,12056,0,33,0,47,225,11,18,239,37,8,3,18,70,89,55,25,13,8,16,0,0,0,0,0,0,0
3/11/2023,283,2,208,12128,7,34,2,51,196,18,13,210,42,8,10,13,73,71,43,23,20,7,15,0,0,0,0,0,0,0
4/11/2023,262,0,810,11580,3,26,1,36,199,12,6,187,57,4,8,6,62,67,38,20,20,18,19,0,0,0,0,18,0,0
5/11/2023,181,0,1483,10278,1,27,1,40,113,9,8,132,32,4,5,8,42,49,24,17,11,3,18,0,0,0,0,18,0,1
6/11/2023,153,0,164,10267,0,28,0,22,103,12,6,108,27,6,6,6,27,44,22,15,4,4,19,0,0,0,0,0,0,0
7/11/2023,306,0,243,10330,28,40,1,85,180,15,41,209,41,5,10,41,61,90,44,14,5,12,24,0,0,0,0,0,0,0
8/11/2023,302,0,276,10356,0,28,2,54,218,9,15,237,41,3,6,15,86,77,39,35,14,12,15,0,0,0,0,0,0,0
9/11/2023,324,1,299,10381,1,40,1,55,228,13,8,256,47,2,11,8,94,86,56,20,8,14,25,0,0,0,0,0,0,0
10/11/2023,306,0,283,10403,0,38,1,64,203,11,19,222,54,4,7,19,72,79,46,25,12,15,27,0,0,0,0,0,0,0
11/11/2023,229,0,279,10353,0,25,0,40,164,5,9,178,37,2,3,9,58,56,40,24,8,13,16,0,0,0,0,0,0,0
12/11/2023,259,0,160,10452,0,43,0,43,173,9,14,184,52,1,8,14,75,55,40,14,11,10,31,0,0,78,1,13,0,0
13/11/2023,184,1,154,10482,0,35,1,44,104,18,4,126,36,8,10,4,41,49,20,16,14,8,14,,,,,,,
14/11/2023,275,1,301,10456,0,53,1,53,168,21,10,189,55,11,10,10,62,63,36,28,11,10,34,0,0,0,0,0,0,0
15/11/2023,332,1,311,10474,0,29,3,53,247,10,8,258,56,1,9,8,79,86,61,32,17,10,29,0,0,0,0,0,0,0
16/11/2023,441,1,339,10576,0,44,1,84,312,20,14,333,74,6,14,14,98,128,77,30,27,15,32,0,0,0,0,0,0,0
17/11/2023,439,0,296,10719,0,42,1,85,311,18,25,330,66,7,11,25,97,129,63,41,17,15,34,0,0,0,0,0,0,0
18/11/2023,375,1,237,10857,0,46,1,56,272,17,9,290,59,11,6,9,89,116,53,32,16,15,28,0,0,0,0,0,0,0
19/11/2023,282,1,264,10875,1,40,3,62,177,18,4,214,46,6,12,4,68,75,44,27,7,15,24,0,0,0,0,0,0,1
20/11/2023,291,0,176,10990,0,36,3,57,195,12,15,203,61,4,8,15,56,68,45,34,17,16,28,0,0,0,0,0,0,0
21/11/2023,498,1,268,11216,6,55,1,92,350,19,21,359,99,8,11,21,122,107,90,40,36,22,41,0,0,0,6,0,0,0
22/11/2023,649,0,326,11539,0,68,5,114,462,31,28,484,106,9,22,28,140,180,107,57,39,24,43,0,0,0,0,0,0,0
23/11/2023,618,4,441,11714,39,67,3,124,424,32,33,465,88,7,25,33,142,180,90,53,29,17,42,0,0,0,3,28,0,8
24/11/2023,671,1,440,11944,18,73,1,120,477,26,32,526,87,7,19,32,146,202,118,60,28,21,38,0,0,0,5,1,0,12
25/11/2023,617,2,372,12189,0,75,3,109,430,28,23,455,111,12,16,23,139,164,106,46,37,27,47,0,0,0,0,0,0,0
26/11/2023,642,0,277,12554,43,75,5,130,432,26,36,440,140,11,15,36,132,166,88,54,38,43,59,0,0,0,24,19,0,0
27/11/2023,440,0,307,12686,22,60,7,96,277,13,37,324,66,6,7,37,102,112,80,30,16,17,33,0,0,0,0,22,0,0
28/11/2023,753,1,504,12933,42,83,4,146,520,32,46,561,114,9,23,46,177,211,113,60,40,26,48,0,0,0,3,33,0,6
29/11/2023,1195,0,667,13459,27,103,4,248,840,49,76,950,120,13,36,76,265,356,238,91,35,34,51,0,0,0,4,23,0,0
30/11/2023,1169,5,618,14009,61,100,4,239,826,57,73,908,131,13,44,73,277,349,189,93,43,27,61,0,0,8,2,37,0,14
1/12/2023,1471,0,674,14806,158,127,9,371,964,55,182,1071,163,12,43,182,343,385,258,85,63,26,74,0,0,0,0,0,0,0
2/12/2023,1126,2,610,15322,134,122,4,271,729,50,126,823,127,12,38,126,241,315,192,75,42,29,56,0,0,0,0,0,0,0
3/12/2023,1038,2,620,15738,32,124,7,239,668,55,73,785,125,18,37,73,252,309,152,72,39,20,66,,,,,,,
4/12/2023,906,1,463,16181,10,103,5,193,605,35,47,682,142,16,19,47,216,248,146,72,44,40,58,0,0,0,0,81,0,0
5/12/2023,1598,5,1906,15870,28,148,4,334,1112,67,106,1270,155,16,51,106,417,474,255,124,56,32,67,0,0,0,0,132,0,0
6/12/2023,2061,1,1208,16723,64,224,9,469,1359,95,143,1583,240,26,69,143,539,571,326,147,76,52,112,0,0,0,0,0,0,0
7/12/2023,2501,4,1217,18004,75,257,10,494,1740,107,124,2003,267,31,76,124,705,682,418,198,105,64,98,0,0,0,0,0,0,0
8/12/2023,2099,1,1473,18628,105,185,8,447,1459,84,128,1632,255,21,63,128,560,580,327,165,78,72,105,0,0,0,0,0,0,0
9/12/2023,2554,2,1164,20017,145,243,4,565,1742,101,176,2014,263,27,74,176,700,667,424,223,97,61,105,0,0,0,0,0,0,0
10/12/2023,2288,4,960,21345,15,240,10,481,1557,97,111,1784,296,34,63,111,603,614,399,168,103,78,115,0,0,0,0,0,0,0
11/12/2023,1795,3,897,22237,92,182,12,433,1168,60,75,1462,198,29,31,75,498,506,294,164,66,39,93,,,,,,,
12/12/2023,2496,3,1504,23222,52,230,9,540,1717,98,144,1949,305,25,73,144,615,701,421,212,113,82,110,0,0,0,6,46,0,0
13/12/2023,3432,4,1958,24692,148,266,23,794,2349,112,216,2776,328,30,82,216,872,1046,588,270,124,82,122,0,0,7,2,108,31,0
14/12/2023,3923,1,2629,25982,157,399,17,823,2684,160,207,3158,398,50,110,207,1076,1099,670,313,137,96,165,0,0,0,19,138,0,0
15/12/2023,3373,3,2086,27264,45,329,20,666,2358,136,132,2732,373,34,102,132,893,997,578,264,142,83,148,0,0,0,1,26,18,0
16/12/2023,3389,1,2276,28375,47,349,15,655,2370,143,103,2734,409,48,95,103,942,987,540,265,154,95,160,0,0,0,1,35,11,0
17/12/2023,2719,2,2436,28655,0,273,9,546,1891,119,62,2181,357,39,80,62,770,740,425,246,143,80,134,0,0,0,0,0,0,0
18/12/2023,2545,1,2015,29180,1,260,11,535,1739,93,66,2022,364,31,62,66,714,680,420,208,132,89,143,0,0,0,0,0,0,1
19/12/2023,3313,3,2508,29980,44,328,12,694,2279,123,79,2713,398,53,70,79,965,924,552,272,129,105,164,0,0,0,0,31,0,13
20/12/2023,5048,5,3313,31714,27,465,13,872,3698,145,70,4272,561,64,81,70,1457,1508,850,457,212,147,202,0,0,0,0,9,0,18
21/12/2023,4530,5,4021,32221,29,407,20,852,3251,133,83,3784,530,54,79,83,1360,1285,751,388,208,104,218,0,0,0,13,14,0,2
22/12/2023,4258,5,3311,33164,96,429,27,794,3008,142,62,3449,605,59,83,62,1166,1220,700,363,221,177,207,0,0,0,36,13,5,42
23/12/2023,3499,2,3376,33285,32,401,9,619,2470,114,57,2808,520,44,70,57,1025,962,532,289,179,123,218,0,0,0,6,19,3,4
24/12/2023,3329,1,2868,33744,29,404,9,611,2305,132,46,2646,505,55,77,46,913,879,555,299,193,96,216,0,0,0,0,4,0,25
25/12/2023,2279,0,2473,33547,18,316,4,474,1485,88,54,1792,345,42,46,54,729,552,332,179,107,90,148,0,0,0,3,0,0,15
26/12/2023,2256,3,3320,32477,9,295,6,459,1496,82,42,1717,415,39,43,42,612,607,325,173,138,105,172,0,0,0,5,0,0,4
27/12/2023,3022,6,5029,30465,10,347,14,564,2097,113,56,2405,448,41,72,56,849,822,452,282,147,106,195,0,0,0,1,5,0,4
28/12/2023,3425,7,4549,29338,7,367,13,626,2419,114,43,2797,471,58,56,43,974,964,561,298,164,123,184,0,0,0,0,1,0,6
29/12/2023,3484,4,4237,28584,17,385,19,673,2407,119,64,2771,530,47,72,64,967,959,563,282,181,136,213,0,0,0,14,0,0,3
30/12/2023,2803,4,3488,27894,11,300,11,531,1961,99,48,2191,465,40,59,48,783,763,402,243,171,113,181,0,0,0,10,0,0,1
31/12/2023,2317,1,3285,26925,35,319,10,508,1480,98,56,1759,403,41,57,56,585,653,330,191,130,95,178,0,0,0,22,0,6,7
1/1/2024,1956,1,2324,26553,2,288,10,409,1249,101,55,1474,326,41,60,55,475,538,302,159,100,93,133,0,0,0,0,0,0,2
2/1/2024,1860,6,2300,26108,0,228,13,416,1203,103,57,1408,292,27,76,57,444,499,306,159,98,74,120,,,,,,,
3/1/2024,2543,4,3076,25570,52,318,20,544,1661,126,89,1934,394,39,87,89,632,668,420,214,111,107,176,,,,,,,
4/1/2024,3269,2,3380,25456,10,349,16,711,2193,185,127,2520,437,43,142,127,831,912,513,264,144,112,181,,,,,,,
5/1/2024,2981,2,3479,24954,26,374,14,666,1927,165,135,2256,425,40,125,135,754,774,483,245,145,101,179,,,,,,,
6/1/2024,2330,2,2821,24463,46,350,10,451,1519,127,88,1758,357,46,81,88,597,642,359,160,108,83,166,,,,,,,
7/1/2024,2203,1,2279,24383,98,371,14,469,1349,117,78,1703,305,44,73,78,587,597,351,168,101,60,144,,,,,,,
8/1/2024,1466,1,1955,23892,9,240,5,350,871,98,85,1050,233,29,69,85,338,364,237,111,72,41,120,,,,,,,
9/1/2024,1725,3,1987,23629,10,227,12,353,1133,96,76,1306,247,24,72,76,426,475,256,149,72,55,120,,,,,,,
10/1/2024,1940,2,2455,23114,18,250,9,419,1262,124,106,1459,251,38,86,106,485,511,293,170,85,65,101,,,,,,,
11/1/2024,2037,3,3246,21904,16,308,10,462,1257,133,102,1524,278,33,100,102,513,557,297,157,97,70,111,,,,,,,
12/1/2024,1705,2,2959,20650,17,237,8,359,1101,106,85,1291,223,28,78,85,384,492,289,126,69,46,108,,,,,,,
13/1/2024,1355,0,2316,19689,34,178,5,312,860,100,81,992,182,32,68,81,316,344,217,115,51,48,83,0,0,0,1,33,0,0
14/1/2024,1326,3,2201,18813,2,161,4,275,886,60,66,1016,184,18,42,66,321,362,224,109,56,39,89,0,0,0,0,2,0,0
15/1/2024,962,1,1447,18326,14,136,4,226,596,65,62,707,128,29,36,62,219,237,153,98,31,33,64,0,0,0,14,0,0,0
16/1/2024,1440,1,1707,18059,63,205,6,332,897,93,114,1035,198,29,64,114,314,355,233,133,54,41,103,0,0,0,0,63,0,0
17/1/2024,1535,1,1932,17658,32,211,13,359,952,107,118,1146,164,26,81,118,342,414,271,119,51,30,83,0,0,0,0,32,0,0
18/1/2024,1149,1,2077,16729,6,137,8,269,735,81,63,861,144,23,58,63,258,315,218,70,43,37,64,0,0,0,0,6,0,0
19/1/2024,1089,2,1680,16138,2,148,2,211,728,74,49,826,140,24,50,49,243,298,209,76,47,26,67,0,0,0,0,2,0,0
20/1/2024,857,1,1343,15648,2,125,3,184,545,58,40,637,122,17,41,40,194,241,131,71,45,21,56,0,0,0,0,2,0,0
